old_url,status,location,destination,decision,reason,test_result
"https://www.modelhomeinc.com/","200","","/","Keep existing URL","No URL consolidation or removal requested","Public response 200"
"https://www.modelhomeinc.com/wood","200","","/wood","Keep existing URL","No URL consolidation or removal requested","Public response 200"
"https://www.modelhomeinc.com/waterproof","200","","/waterproof","Keep existing URL","No URL consolidation or removal requested","Public response 200"
"https://www.modelhomeinc.com/custom","200","","/custom","Keep existing URL","No URL consolidation or removal requested","Public response 200"
"https://www.modelhomeinc.com/semi-custom","200","","/semi-custom","Keep existing URL","No URL consolidation or removal requested","Public response 200"
"https://www.modelhomeinc.com/rta","200","","/rta","Keep existing URL","No URL consolidation or removal requested","Public response 200"
"https://www.modelhomeinc.com/tile","200","","/tile","Keep existing URL","No URL consolidation or removal requested","Public response 200"
"https://www.modelhomeinc.com/vanity","200","","/vanity","Keep existing URL","No URL consolidation or removal requested","Public response 200"
"https://www.modelhomeinc.com/faucet","200","","/faucet","Keep existing URL","No URL consolidation or removal requested","Public response 200"
"https://www.modelhomeinc.com/doors","200","","/doors","Keep existing URL","No URL consolidation or removal requested","Public response 200"
"https://www.modelhomeinc.com/moulding","200","","/moulding","Keep existing URL","No URL consolidation or removal requested","Public response 200"
"https://www.modelhomeinc.com/quote","200","","","Pending popup URL review; no redirect approved","No URL consolidation or removal requested","Public response 200"
"https://www.modelhomeinc.com/store","200","","","Preserve active store; no redirect approved","Store is outside this sprint; GSC, analytics, backlinks and catalog exports unavailable","Public response 200"
"https://www.modelhomeinc.com/store/Flooring-c161566439","200","","","Preserve active store; no redirect approved","Store is outside this sprint; GSC, analytics, backlinks and catalog exports unavailable","Public response 200"
"https://www.modelhomeinc.com/store/Engineered-Hardwood-c161564961","200","","","Preserve active store; no redirect approved","Store is outside this sprint; GSC, analytics, backlinks and catalog exports unavailable","Public response 200"
"https://www.modelhomeinc.com/store/Waterproof-c161566907","200","","","Preserve active store; no redirect approved","Store is outside this sprint; GSC, analytics, backlinks and catalog exports unavailable","Public response 200"
"https://www.modelhomeinc.com/store/Solid-Wood-c161565209","200","","","Preserve active store; no redirect approved","Store is outside this sprint; GSC, analytics, backlinks and catalog exports unavailable","Public response 200"
"https://www.modelhomeinc.com/store/Vinyl-Plank-c161564963","200","","","Preserve active store; no redirect approved","Store is outside this sprint; GSC, analytics, backlinks and catalog exports unavailable","Public response 200"
"https://www.modelhomeinc.com/store/Wall-Treatment-c161566162","200","","","Preserve active store; no redirect approved","Store is outside this sprint; GSC, analytics, backlinks and catalog exports unavailable","Public response 200"
"https://www.modelhomeinc.com/store/Molding-c161566908","200","","","Preserve active store; no redirect approved","Store is outside this sprint; GSC, analytics, backlinks and catalog exports unavailable","Public response 200"
"https://www.modelhomeinc.com/store/Tile-c161564960","200","","","Preserve active store; no redirect approved","Store is outside this sprint; GSC, analytics, backlinks and catalog exports unavailable","Public response 200"
"https://www.modelhomeinc.com/store/Adhesives-c161566906","200","","","Preserve active store; no redirect approved","Store is outside this sprint; GSC, analytics, backlinks and catalog exports unavailable","Public response 200"
"https://www.modelhomeinc.com/store/Reward-c170011755","200","","","Preserve active store; no redirect approved","Store is outside this sprint; GSC, analytics, backlinks and catalog exports unavailable","Public response 200"
"https://www.modelhomeinc.com/store/Cabinets-c161566166","200","","","Preserve active store; no redirect approved","Store is outside this sprint; GSC, analytics, backlinks and catalog exports unavailable","Public response 200"
"https://www.modelhomeinc.com/store/California-Classics-c162269060","200","","","Preserve active store; no redirect approved","Store is outside this sprint; GSC, analytics, backlinks and catalog exports unavailable","Public response 200"
"https://www.modelhomeinc.com/store/Mediterranean-Collection-4MM-8-Widths-Wire-Brushed-c162277041","200","","","Preserve active store; no redirect approved","Store is outside this sprint; GSC, analytics, backlinks and catalog exports unavailable","Public response 200"
"https://www.modelhomeinc.com/store/Mediterranean-9-5-Collection-4MM-9-5-Widths-Wire-Brushed-c162276833","200","","","Preserve active store; no redirect approved","Store is outside this sprint; GSC, analytics, backlinks and catalog exports unavailable","Public response 200"
"https://www.modelhomeinc.com/store/Louvre-Collection-4MM-9-4-Widths-Wire-Brushed-c162268841","200","","","Preserve active store; no redirect approved","Store is outside this sprint; GSC, analytics, backlinks and catalog exports unavailable","Public response 200"
"https://www.modelhomeinc.com/store/Timeless-Classics-Collection-2MM-4-5-6-Widths-Hand-Scraped-c162268842","200","","","Preserve active store; no redirect approved","Store is outside this sprint; GSC, analytics, backlinks and catalog exports unavailable","Public response 200"
"https://www.modelhomeinc.com/store/Timeless-Classics-Collection-2MM-6-Widths-Hand-Scraped-c162274573","200","","","Preserve active store; no redirect approved","Store is outside this sprint; GSC, analytics, backlinks and catalog exports unavailable","Public response 200"
"https://www.modelhomeinc.com/store/Cezanne-Collection-2MM-7-1-2-Widths-c162277043","200","","","Preserve active store; no redirect approved","Store is outside this sprint; GSC, analytics, backlinks and catalog exports unavailable","Public response 200"
"https://www.modelhomeinc.com/store/Laminate-c161564962","200","","","Preserve active store; no redirect approved","Store is outside this sprint; GSC, analytics, backlinks and catalog exports unavailable","Public response 200"
"https://www.modelhomeinc.com/store/Mohawk-c169490377","200","","","Preserve active store; no redirect approved","Store is outside this sprint; GSC, analytics, backlinks and catalog exports unavailable","Public response 200"
"https://www.modelhomeinc.com/store/Quick-Step-c163030278","200","","","Preserve active store; no redirect approved","Store is outside this sprint; GSC, analytics, backlinks and catalog exports unavailable","Public response 200"
"https://www.modelhomeinc.com/store/AVALON-c169890420","200","","","Preserve active store; no redirect approved","Store is outside this sprint; GSC, analytics, backlinks and catalog exports unavailable","Public response 200"
"https://www.modelhomeinc.com/store/BOCCARA-c169928381","200","","","Preserve active store; no redirect approved","Store is outside this sprint; GSC, analytics, backlinks and catalog exports unavailable","Public response 200"
"https://www.modelhomeinc.com/store/CAMINO-II-c169928126","200","","","Preserve active store; no redirect approved","Store is outside this sprint; GSC, analytics, backlinks and catalog exports unavailable","Public response 200"
"https://www.modelhomeinc.com/store/CANYONS-c169927943","200","","","Preserve active store; no redirect approved","Store is outside this sprint; GSC, analytics, backlinks and catalog exports unavailable","Public response 200"
"https://www.modelhomeinc.com/store/CASTILLO-c169928138","200","","","Preserve active store; no redirect approved","Store is outside this sprint; GSC, analytics, backlinks and catalog exports unavailable","Public response 200"
"https://www.modelhomeinc.com/store/COSTA-c169950754","200","","","Preserve active store; no redirect approved","Store is outside this sprint; GSC, analytics, backlinks and catalog exports unavailable","Public response 200"
"https://www.modelhomeinc.com/store/EL-PASO-c169950762","200","","","Preserve active store; no redirect approved","Store is outside this sprint; GSC, analytics, backlinks and catalog exports unavailable","Public response 200"
"https://www.modelhomeinc.com/store/EUROPA-c169928478","200","","","Preserve active store; no redirect approved","Store is outside this sprint; GSC, analytics, backlinks and catalog exports unavailable","Public response 200"
"https://www.modelhomeinc.com/store/ISLANDS-c169970785","200","","","Preserve active store; no redirect approved","Store is outside this sprint; GSC, analytics, backlinks and catalog exports unavailable","Public response 200"
"https://www.modelhomeinc.com/store/MEADOW-c169995773","200","","","Preserve active store; no redirect approved","Store is outside this sprint; GSC, analytics, backlinks and catalog exports unavailable","Public response 200"
"https://www.modelhomeinc.com/store/MILL-CREEK-c169994792","200","","","Preserve active store; no redirect approved","Store is outside this sprint; GSC, analytics, backlinks and catalog exports unavailable","Public response 200"
"https://www.modelhomeinc.com/store/NAPA-c170011764","200","","","Preserve active store; no redirect approved","Store is outside this sprint; GSC, analytics, backlinks and catalog exports unavailable","Public response 200"
"https://www.modelhomeinc.com/store/PROVENCE-II-c169994860","200","","","Preserve active store; no redirect approved","Store is outside this sprint; GSC, analytics, backlinks and catalog exports unavailable","Public response 200"
"https://www.modelhomeinc.com/store/SERENO-c170011854","200","","","Preserve active store; no redirect approved","Store is outside this sprint; GSC, analytics, backlinks and catalog exports unavailable","Public response 200"
"https://www.modelhomeinc.com/store/SHORES-c169996726","200","","","Preserve active store; no redirect approved","Store is outside this sprint; GSC, analytics, backlinks and catalog exports unavailable","Public response 200"
"https://www.modelhomeinc.com/store/SYLVANIA-c169994936","200","","","Preserve active store; no redirect approved","Store is outside this sprint; GSC, analytics, backlinks and catalog exports unavailable","Public response 200"
"https://www.modelhomeinc.com/store/TERRENO-c170011862","200","","","Preserve active store; no redirect approved","Store is outside this sprint; GSC, analytics, backlinks and catalog exports unavailable","Public response 200"
"https://www.modelhomeinc.com/store/URBANO-c170039004","200","","","Preserve active store; no redirect approved","Store is outside this sprint; GSC, analytics, backlinks and catalog exports unavailable","Public response 200"
"https://www.modelhomeinc.com/store/YUKON-GOLD-c170035758","200","","","Preserve active store; no redirect approved","Store is outside this sprint; GSC, analytics, backlinks and catalog exports unavailable","Public response 200"
"https://www.modelhomeinc.com/store/Ellenwood-c164640559","200","","","Preserve active store; no redirect approved","Store is outside this sprint; GSC, analytics, backlinks and catalog exports unavailable","Public response 200"
"https://www.modelhomeinc.com/store/Hampton-Villa-c163818787","200","","","Preserve active store; no redirect approved","Store is outside this sprint; GSC, analytics, backlinks and catalog exports unavailable","Public response 200"
"https://www.modelhomeinc.com/store/Revwood-Products-c162300880","200","","","Preserve active store; no redirect approved","Store is outside this sprint; GSC, analytics, backlinks and catalog exports unavailable","Public response 200"
"https://www.modelhomeinc.com/store/Revwood-Premier-c162319597","200","","","Preserve active store; no redirect approved","Store is outside this sprint; GSC, analytics, backlinks and catalog exports unavailable","Public response 200"
"https://www.modelhomeinc.com/store/Naturals-c163029264","200","","","Preserve active store; no redirect approved","Store is outside this sprint; GSC, analytics, backlinks and catalog exports unavailable","Public response 200"
"https://www.modelhomeinc.com/store/Browns-c163021773","200","","","Preserve active store; no redirect approved","Store is outside this sprint; GSC, analytics, backlinks and catalog exports unavailable","Public response 200"
"https://www.modelhomeinc.com/store/Grays-c163029265","200","","","Preserve active store; no redirect approved","Store is outside this sprint; GSC, analytics, backlinks and catalog exports unavailable","Public response 200"
"https://www.modelhomeinc.com/store/Revwood-Plus-c162317333","200","","","Preserve active store; no redirect approved","Store is outside this sprint; GSC, analytics, backlinks and catalog exports unavailable","Public response 200"
"https://www.modelhomeinc.com/store/Naturals-c163025508","200","","","Preserve active store; no redirect approved","Store is outside this sprint; GSC, analytics, backlinks and catalog exports unavailable","Public response 200"
"https://www.modelhomeinc.com/store/Browns-c163021520","200","","","Preserve active store; no redirect approved","Store is outside this sprint; GSC, analytics, backlinks and catalog exports unavailable","Public response 200"
"https://www.modelhomeinc.com/store/Grays-c163021774","200","","","Preserve active store; no redirect approved","Store is outside this sprint; GSC, analytics, backlinks and catalog exports unavailable","Public response 200"
"https://www.modelhomeinc.com/store/RevWood-Select-c163028011","200","","","Preserve active store; no redirect approved","Store is outside this sprint; GSC, analytics, backlinks and catalog exports unavailable","Public response 200"
"https://www.modelhomeinc.com/store/Naturals-c163030266","200","","","Preserve active store; no redirect approved","Store is outside this sprint; GSC, analytics, backlinks and catalog exports unavailable","Public response 200"
"https://www.modelhomeinc.com/store/Browns-c163021260","200","","","Preserve active store; no redirect approved","Store is outside this sprint; GSC, analytics, backlinks and catalog exports unavailable","Public response 200"
"https://www.modelhomeinc.com/store/Grays-c163021524","200","","","Preserve active store; no redirect approved","Store is outside this sprint; GSC, analytics, backlinks and catalog exports unavailable","Public response 200"
"https://www.modelhomeinc.com/store/Colossia-c163021268","200","","","Preserve active store; no redirect approved","Store is outside this sprint; GSC, analytics, backlinks and catalog exports unavailable","Public response 200"
"https://www.modelhomeinc.com/store/Leuco-c163029276","200","","","Preserve active store; no redirect approved","Store is outside this sprint; GSC, analytics, backlinks and catalog exports unavailable","Public response 200"
"https://www.modelhomeinc.com/store/Nesprima-c163028021","200","","","Preserve active store; no redirect approved","Store is outside this sprint; GSC, analytics, backlinks and catalog exports unavailable","Public response 200"
"https://www.modelhomeinc.com/store/Perdestia-c163021779","200","","","Preserve active store; no redirect approved","Store is outside this sprint; GSC, analytics, backlinks and catalog exports unavailable","Public response 200"
"https://www.modelhomeinc.com/store/Provision-c163021537","200","","","Preserve active store; no redirect approved","Store is outside this sprint; GSC, analytics, backlinks and catalog exports unavailable","Public response 200"
"https://www.modelhomeinc.com/store/Reclaime-c163025513","200","","","Preserve active store; no redirect approved","Store is outside this sprint; GSC, analytics, backlinks and catalog exports unavailable","Public response 200"
"https://www.modelhomeinc.com/store/Sango-c163021538","200","","","Preserve active store; no redirect approved","Store is outside this sprint; GSC, analytics, backlinks and catalog exports unavailable","Public response 200"
"https://www.modelhomeinc.com/store/Studio-c163021269","200","","","Preserve active store; no redirect approved","Store is outside this sprint; GSC, analytics, backlinks and catalog exports unavailable","Public response 200"
"https://www.modelhomeinc.com/store/Styleo-c163019782","200","","","Preserve active store; no redirect approved","Store is outside this sprint; GSC, analytics, backlinks and catalog exports unavailable","Public response 200"
"https://www.modelhomeinc.com/store/Tilleto-c163021539","200","","","Preserve active store; no redirect approved","Store is outside this sprint; GSC, analytics, backlinks and catalog exports unavailable","Public response 200"
"https://www.modelhomeinc.com/store/Vestia-c163019783","200","","","Preserve active store; no redirect approved","Store is outside this sprint; GSC, analytics, backlinks and catalog exports unavailable","Public response 200"
"https://www.modelhomeinc.com/store/Taos-p620669738","200","","","Preserve active store; no redirect approved","Store is outside this sprint; GSC, analytics, backlinks and catalog exports unavailable","Public response 200"
"https://www.modelhomeinc.com/store/Shasta-p620756768","200","","","Preserve active store; no redirect approved","Store is outside this sprint; GSC, analytics, backlinks and catalog exports unavailable","Public response 200"
"https://www.modelhomeinc.com/store/Sedona-p620743582","200","","","Preserve active store; no redirect approved","Store is outside this sprint; GSC, analytics, backlinks and catalog exports unavailable","Public response 200"
"https://www.modelhomeinc.com/store/Scottsdale-p620756769","200","","","Preserve active store; no redirect approved","Store is outside this sprint; GSC, analytics, backlinks and catalog exports unavailable","Public response 200"
"https://www.modelhomeinc.com/store/Park-City-p620743131","200","","","Preserve active store; no redirect approved","Store is outside this sprint; GSC, analytics, backlinks and catalog exports unavailable","Public response 200"
"https://www.modelhomeinc.com/store/Kalispell-p620669750","200","","","Preserve active store; no redirect approved","Store is outside this sprint; GSC, analytics, backlinks and catalog exports unavailable","Public response 200"
"https://www.modelhomeinc.com/store/Coeur-dAlene-p620693703","200","","","Preserve active store; no redirect approved","Store is outside this sprint; GSC, analytics, backlinks and catalog exports unavailable","Public response 200"
"https://www.modelhomeinc.com/store/Calabasas-p620743583","200","","","Preserve active store; no redirect approved","Store is outside this sprint; GSC, analytics, backlinks and catalog exports unavailable","Public response 200"
"https://www.modelhomeinc.com/store/Bend-p620745850","200","","","Preserve active store; no redirect approved","Store is outside this sprint; GSC, analytics, backlinks and catalog exports unavailable","Public response 200"
"https://www.modelhomeinc.com/store/Aspen-p620669737","200","","","Preserve active store; no redirect approved","Store is outside this sprint; GSC, analytics, backlinks and catalog exports unavailable","Public response 200"
"https://www.modelhomeinc.com/store/Walnut-Natural-p671265119","200","","","Preserve active store; no redirect approved","Store is outside this sprint; GSC, analytics, backlinks and catalog exports unavailable","Public response 200"
"https://www.modelhomeinc.com/store/Walnut-Clarion-p671265118","200","","","Preserve active store; no redirect approved","Store is outside this sprint; GSC, analytics, backlinks and catalog exports unavailable","Public response 200"
"https://www.modelhomeinc.com/store/White-Oak-Potter-p671265600","200","","","Preserve active store; no redirect approved","Store is outside this sprint; GSC, analytics, backlinks and catalog exports unavailable","Public response 200"
"https://www.modelhomeinc.com/store/White-Oak-Fayette-p671265404","200","","","Preserve active store; no redirect approved","Store is outside this sprint; GSC, analytics, backlinks and catalog exports unavailable","Public response 200"
"https://www.modelhomeinc.com/store/White-Oak-Cameron-p671265128","200","","","Preserve active store; no redirect approved","Store is outside this sprint; GSC, analytics, backlinks and catalog exports unavailable","Public response 200"
"https://www.modelhomeinc.com/store/White-Oak-Cambria-p671270862","200","","","Preserve active store; no redirect approved","Store is outside this sprint; GSC, analytics, backlinks and catalog exports unavailable","Public response 200"
"https://www.modelhomeinc.com/store/White-Oak-Butler-p671265599","200","","","Preserve active store; no redirect approved","Store is outside this sprint; GSC, analytics, backlinks and catalog exports unavailable","Public response 200"
"https://www.modelhomeinc.com/store/White-Oak-Blair-p671270861","200","","","Preserve active store; no redirect approved","Store is outside this sprint; GSC, analytics, backlinks and catalog exports unavailable","Public response 200"
"https://www.modelhomeinc.com/store/White-Oak-Bedford-p671270860","200","","","Preserve active store; no redirect approved","Store is outside this sprint; GSC, analytics, backlinks and catalog exports unavailable","Public response 200"
"https://www.modelhomeinc.com/store/White-Oak-Yarrow-p671066924","200","","","Preserve active store; no redirect approved","Store is outside this sprint; GSC, analytics, backlinks and catalog exports unavailable","Public response 200"
"https://www.modelhomeinc.com/store/White-Oak-Trillium-p671066923","200","","","Preserve active store; no redirect approved","Store is outside this sprint; GSC, analytics, backlinks and catalog exports unavailable","Public response 200"
"https://www.modelhomeinc.com/store/White-Oak-Primrose-p671065701","200","","","Preserve active store; no redirect approved","Store is outside this sprint; GSC, analytics, backlinks and catalog exports unavailable","Public response 200"
"https://www.modelhomeinc.com/store/White-Oak-Daisy-p671057749","200","","","Preserve active store; no redirect approved","Store is outside this sprint; GSC, analytics, backlinks and catalog exports unavailable","Public response 200"
"https://www.modelhomeinc.com/store/White-Oak-Dandelion-p671057750","200","","","Preserve active store; no redirect approved","Store is outside this sprint; GSC, analytics, backlinks and catalog exports unavailable","Public response 200"
"https://www.modelhomeinc.com/store/White-Oak-Buttercup-p671066922","200","","","Preserve active store; no redirect approved","Store is outside this sprint; GSC, analytics, backlinks and catalog exports unavailable","Public response 200"
"https://www.modelhomeinc.com/store/Euro-Oak-Tiber-wirebrushed-p670885754","200","","","Preserve active store; no redirect approved","Store is outside this sprint; GSC, analytics, backlinks and catalog exports unavailable","Public response 200"
"https://www.modelhomeinc.com/store/Euro-Oak-Sava-p670870375","200","","","Preserve active store; no redirect approved","Store is outside this sprint; GSC, analytics, backlinks and catalog exports unavailable","Public response 200"
"https://www.modelhomeinc.com/store/Euro-Oak-Rhine-p670870374","200","","","Preserve active store; no redirect approved","Store is outside this sprint; GSC, analytics, backlinks and catalog exports unavailable","Public response 200"
"https://www.modelhomeinc.com/store/Euro-Oak-Elbe-p670868641","200","","","Preserve active store; no redirect approved","Store is outside this sprint; GSC, analytics, backlinks and catalog exports unavailable","Public response 200"
"https://www.modelhomeinc.com/store/Euro-Oak-Loire-p670868642","200","","","Preserve active store; no redirect approved","Store is outside this sprint; GSC, analytics, backlinks and catalog exports unavailable","Public response 200"
"https://www.modelhomeinc.com/store/Euro-Oak-Ravenna-p671340296","200","","","Preserve active store; no redirect approved","Store is outside this sprint; GSC, analytics, backlinks and catalog exports unavailable","Public response 200"
"https://www.modelhomeinc.com/store/Euro-Oak-Palermo-p671340295","200","","","Preserve active store; no redirect approved","Store is outside this sprint; GSC, analytics, backlinks and catalog exports unavailable","Public response 200"
"https://www.modelhomeinc.com/store/Euro-Oak-Napoli-p671334344","200","","","Preserve active store; no redirect approved","Store is outside this sprint; GSC, analytics, backlinks and catalog exports unavailable","Public response 200"
"https://www.modelhomeinc.com/store/Euro-Oak-Milano-p671340294","200","","","Preserve active store; no redirect approved","Store is outside this sprint; GSC, analytics, backlinks and catalog exports unavailable","Public response 200"
"https://www.modelhomeinc.com/store/Euro-Oak-Genoa-p671340291","200","","","Preserve active store; no redirect approved","Store is outside this sprint; GSC, analytics, backlinks and catalog exports unavailable","Public response 200"
"https://www.modelhomeinc.com/store/Euro-Oak-Sesia-p671334536","200","","","Preserve active store; no redirect approved","Store is outside this sprint; GSC, analytics, backlinks and catalog exports unavailable","Public response 200"
"https://www.modelhomeinc.com/store/Euro-Oak-Sila-p671330310","200","","","Preserve active store; no redirect approved","Store is outside this sprint; GSC, analytics, backlinks and catalog exports unavailable","Public response 200"
"https://www.modelhomeinc.com/store/Euro-Oak-Nera-p671330301","200","","","Preserve active store; no redirect approved","Store is outside this sprint; GSC, analytics, backlinks and catalog exports unavailable","Public response 200"
"https://www.modelhomeinc.com/store/Euro-Oak-Fiori-p671330300","200","","","Preserve active store; no redirect approved","Store is outside this sprint; GSC, analytics, backlinks and catalog exports unavailable","Public response 200"
"https://www.modelhomeinc.com/store/Euro-Oak-Diano-p671334291","200","","","Preserve active store; no redirect approved","Store is outside this sprint; GSC, analytics, backlinks and catalog exports unavailable","Public response 200"
"https://www.modelhomeinc.com/store/Euro-Oak-Conte-p671265154","200","","","Preserve active store; no redirect approved","Store is outside this sprint; GSC, analytics, backlinks and catalog exports unavailable","Public response 200"
"https://www.modelhomeinc.com/store/Euro-Oak-Woodson-p671162300","200","","","Preserve active store; no redirect approved","Store is outside this sprint; GSC, analytics, backlinks and catalog exports unavailable","Public response 200"
"https://www.modelhomeinc.com/store/Euro-Oak-Stratton-p671134998","200","","","Preserve active store; no redirect approved","Store is outside this sprint; GSC, analytics, backlinks and catalog exports unavailable","Public response 200"
"https://www.modelhomeinc.com/store/Euro-Oak-Sanborn-p671131727","200","","","Preserve active store; no redirect approved","Store is outside this sprint; GSC, analytics, backlinks and catalog exports unavailable","Public response 200"
"https://www.modelhomeinc.com/store/Euro-Oak-Nichols-p671158534","200","","","Preserve active store; no redirect approved","Store is outside this sprint; GSC, analytics, backlinks and catalog exports unavailable","Public response 200"
"https://www.modelhomeinc.com/store/Euro-Oak-Hopkins-p671112028","200","","","Preserve active store; no redirect approved","Store is outside this sprint; GSC, analytics, backlinks and catalog exports unavailable","Public response 200"
"https://www.modelhomeinc.com/store/Euro-Oak-Hatch-p671110789","200","","","Preserve active store; no redirect approved","Store is outside this sprint; GSC, analytics, backlinks and catalog exports unavailable","Public response 200"
"https://www.modelhomeinc.com/store/Euro-Oak-Fowler-p671106082","200","","","Preserve active store; no redirect approved","Store is outside this sprint; GSC, analytics, backlinks and catalog exports unavailable","Public response 200"
"https://www.modelhomeinc.com/store/Euro-Oak-Coburn-p671112017","200","","","Preserve active store; no redirect approved","Store is outside this sprint; GSC, analytics, backlinks and catalog exports unavailable","Public response 200"
"https://www.modelhomeinc.com/store/Euro-Oak-Berwick-p671106080","200","","","Preserve active store; no redirect approved","Store is outside this sprint; GSC, analytics, backlinks and catalog exports unavailable","Public response 200"
"https://www.modelhomeinc.com/store/Euro-Oak-Vasto-p670812791","200","","","Preserve active store; no redirect approved","Store is outside this sprint; GSC, analytics, backlinks and catalog exports unavailable","Public response 200"
"https://www.modelhomeinc.com/store/Euro-Oak-Vela-p670796102","200","","","Preserve active store; no redirect approved","Store is outside this sprint; GSC, analytics, backlinks and catalog exports unavailable","Public response 200"
"https://www.modelhomeinc.com/store/Euro-Oak-Testa-p670812787","200","","","Preserve active store; no redirect approved","Store is outside this sprint; GSC, analytics, backlinks and catalog exports unavailable","Public response 200"
"https://www.modelhomeinc.com/store/Euroa-Oak-Pelosa-p670782444","200","","","Preserve active store; no redirect approved","Store is outside this sprint; GSC, analytics, backlinks and catalog exports unavailable","Public response 200"
"https://www.modelhomeinc.com/store/Euro-Oak-Nicola-p670796538","200","","","Preserve active store; no redirect approved","Store is outside this sprint; GSC, analytics, backlinks and catalog exports unavailable","Public response 200"
"https://www.modelhomeinc.com/store/Euro-Oak-Mannu-p670812782","200","","","Preserve active store; no redirect approved","Store is outside this sprint; GSC, analytics, backlinks and catalog exports unavailable","Public response 200"
"https://www.modelhomeinc.com/store/Euro-Oak-Luna-p670812764","200","","","Preserve active store; no redirect approved","Store is outside this sprint; GSC, analytics, backlinks and catalog exports unavailable","Public response 200"
"https://www.modelhomeinc.com/store/Euro-Oak-Leone-p670812762","200","","","Preserve active store; no redirect approved","Store is outside this sprint; GSC, analytics, backlinks and catalog exports unavailable","Public response 200"
"https://www.modelhomeinc.com/store/Euro-Oak-Cavoli-p670782428","200","","","Preserve active store; no redirect approved","Store is outside this sprint; GSC, analytics, backlinks and catalog exports unavailable","Public response 200"
"https://www.modelhomeinc.com/store/Euro-Oak-Capri-p670780249","200","","","Preserve active store; no redirect approved","Store is outside this sprint; GSC, analytics, backlinks and catalog exports unavailable","Public response 200"
"https://www.modelhomeinc.com/store/Euro-Oak-Conero-p670780250","200","","","Preserve active store; no redirect approved","Store is outside this sprint; GSC, analytics, backlinks and catalog exports unavailable","Public response 200"
"https://www.modelhomeinc.com/store/Euro-Oak-Ancona-p670796056","200","","","Preserve active store; no redirect approved","Store is outside this sprint; GSC, analytics, backlinks and catalog exports unavailable","Public response 200"
"https://www.modelhomeinc.com/store/Euro-Oak-Tristan-p670540178","200","","","Preserve active store; no redirect approved","Store is outside this sprint; GSC, analytics, backlinks and catalog exports unavailable","Public response 200"
"https://www.modelhomeinc.com/store/Euro-Oak-Percival-p670554391","200","","","Preserve active store; no redirect approved","Store is outside this sprint; GSC, analytics, backlinks and catalog exports unavailable","Public response 200"
"https://www.modelhomeinc.com/store/Hickory-Kay-p670763730","200","","","Preserve active store; no redirect approved","Store is outside this sprint; GSC, analytics, backlinks and catalog exports unavailable","Public response 200"
"https://www.modelhomeinc.com/store/Euro-Oak-Gareth-p670745169","200","","","Preserve active store; no redirect approved","Store is outside this sprint; GSC, analytics, backlinks and catalog exports unavailable","Public response 200"
"https://www.modelhomeinc.com/store/Euro-Oak-Elyan-p670540212","200","","","Preserve active store; no redirect approved","Store is outside this sprint; GSC, analytics, backlinks and catalog exports unavailable","Public response 200"
"https://www.modelhomeinc.com/store/Euro-Oak-Barant-p670763602","200","","","Preserve active store; no redirect approved","Store is outside this sprint; GSC, analytics, backlinks and catalog exports unavailable","Public response 200"
"https://www.modelhomeinc.com/store/Arborea-Tulum-p670780240","200","","","Preserve active store; no redirect approved","Store is outside this sprint; GSC, analytics, backlinks and catalog exports unavailable","Public response 200"
"https://www.modelhomeinc.com/store/Arborea-Tikal-p670796050","200","","","Preserve active store; no redirect approved","Store is outside this sprint; GSC, analytics, backlinks and catalog exports unavailable","Public response 200"
"https://www.modelhomeinc.com/store/Arborea-Mirador-p670782409","200","","","Preserve active store; no redirect approved","Store is outside this sprint; GSC, analytics, backlinks and catalog exports unavailable","Public response 200"
"https://www.modelhomeinc.com/store/Arborea-Copan-p670780217","200","","","Preserve active store; no redirect approved","Store is outside this sprint; GSC, analytics, backlinks and catalog exports unavailable","Public response 200"
"https://www.modelhomeinc.com/store/Arborea-Alban-p670779247","200","","","Preserve active store; no redirect approved","Store is outside this sprint; GSC, analytics, backlinks and catalog exports unavailable","Public response 200"
"https://www.modelhomeinc.com/store/Hickory-Sunland-p670856446","200","","","Preserve active store; no redirect approved","Store is outside this sprint; GSC, analytics, backlinks and catalog exports unavailable","Public response 200"
"https://www.modelhomeinc.com/store/Hickory-Resler-p670885751","200","","","Preserve active store; no redirect approved","Store is outside this sprint; GSC, analytics, backlinks and catalog exports unavailable","Public response 200"
"https://www.modelhomeinc.com/store/Hickory-Natural-p670868630","200","","","Preserve active store; no redirect approved","Store is outside this sprint; GSC, analytics, backlinks and catalog exports unavailable","Public response 200"
"https://www.modelhomeinc.com/store/Hickory-Falcon-p670868629","200","","","Preserve active store; no redirect approved","Store is outside this sprint; GSC, analytics, backlinks and catalog exports unavailable","Public response 200"
"https://www.modelhomeinc.com/store/Hickory-Bliss-p670782466","200","","","Preserve active store; no redirect approved","Store is outside this sprint; GSC, analytics, backlinks and catalog exports unavailable","Public response 200"
"https://www.modelhomeinc.com/store/White-Oak-Renzi-p671265357","200","","","Preserve active store; no redirect approved","Store is outside this sprint; GSC, analytics, backlinks and catalog exports unavailable","Public response 200"
"https://www.modelhomeinc.com/store/White-Oak-Pavone-p671270824","200","","","Preserve active store; no redirect approved","Store is outside this sprint; GSC, analytics, backlinks and catalog exports unavailable","Public response 200"
"https://www.modelhomeinc.com/store/White-Oak-Genova-p671265099","200","","","Preserve active store; no redirect approved","Store is outside this sprint; GSC, analytics, backlinks and catalog exports unavailable","Public response 200"
"https://www.modelhomeinc.com/store/White-Oak-Galvani-p671265356","200","","","Preserve active store; no redirect approved","Store is outside this sprint; GSC, analytics, backlinks and catalog exports unavailable","Public response 200"
"https://www.modelhomeinc.com/store/White-Oak-Delfini-p671265355","200","","","Preserve active store; no redirect approved","Store is outside this sprint; GSC, analytics, backlinks and catalog exports unavailable","Public response 200"
"https://www.modelhomeinc.com/store/White-Oak-Brazza-p671265098","200","","","Preserve active store; no redirect approved","Store is outside this sprint; GSC, analytics, backlinks and catalog exports unavailable","Public response 200"
"https://www.modelhomeinc.com/store/Walnut-Palmiers-p671265567","200","","","Preserve active store; no redirect approved","Store is outside this sprint; GSC, analytics, backlinks and catalog exports unavailable","Public response 200"
"https://www.modelhomeinc.com/store/Walnut-Arzens-p671265088","200","","","Preserve active store; no redirect approved","Store is outside this sprint; GSC, analytics, backlinks and catalog exports unavailable","Public response 200"
"https://www.modelhomeinc.com/store/Hickory-Pelcourt-p671265087","200","","","Preserve active store; no redirect approved","Store is outside this sprint; GSC, analytics, backlinks and catalog exports unavailable","Public response 200"
"https://www.modelhomeinc.com/store/Euro-Oak-Vence-p671265566","200","","","Preserve active store; no redirect approved","Store is outside this sprint; GSC, analytics, backlinks and catalog exports unavailable","Public response 200"
"https://www.modelhomeinc.com/store/Euro-Oak-Tallard-p671265086","200","","","Preserve active store; no redirect approved","Store is outside this sprint; GSC, analytics, backlinks and catalog exports unavailable","Public response 200"
"https://www.modelhomeinc.com/store/Euro-Oak-Revel-p671265345","200","","","Preserve active store; no redirect approved","Store is outside this sprint; GSC, analytics, backlinks and catalog exports unavailable","Public response 200"
"https://www.modelhomeinc.com/store/Euro-Oak-Menton-p671265085","200","","","Preserve active store; no redirect approved","Store is outside this sprint; GSC, analytics, backlinks and catalog exports unavailable","Public response 200"
"https://www.modelhomeinc.com/store/Euro-Oak-Leran-p671270823","200","","","Preserve active store; no redirect approved","Store is outside this sprint; GSC, analytics, backlinks and catalog exports unavailable","Public response 200"
"https://www.modelhomeinc.com/store/Euro-Oak-Gardanne-p671265084","200","","","Preserve active store; no redirect approved","Store is outside this sprint; GSC, analytics, backlinks and catalog exports unavailable","Public response 200"
"https://www.modelhomeinc.com/store/Euro-Oak-Avene-p671158587","200","","","Preserve active store; no redirect approved","Store is outside this sprint; GSC, analytics, backlinks and catalog exports unavailable","Public response 200"
"https://www.modelhomeinc.com/store/Euro-Oak-Andon-p671162359","200","","","Preserve active store; no redirect approved","Store is outside this sprint; GSC, analytics, backlinks and catalog exports unavailable","Public response 200"
"https://www.modelhomeinc.com/store/Euro-Oak-Tortola-p671066816","200","","","Preserve active store; no redirect approved","Store is outside this sprint; GSC, analytics, backlinks and catalog exports unavailable","Public response 200"
"https://www.modelhomeinc.com/store/Euro-Oak-Trinidad-p671065567","200","","","Preserve active store; no redirect approved","Store is outside this sprint; GSC, analytics, backlinks and catalog exports unavailable","Public response 200"
"https://www.modelhomeinc.com/store/Euro-Oak-Nevis-p671066815","200","","","Preserve active store; no redirect approved","Store is outside this sprint; GSC, analytics, backlinks and catalog exports unavailable","Public response 200"
"https://www.modelhomeinc.com/store/Euro-Oak-Dominica-p671066814","200","","","Preserve active store; no redirect approved","Store is outside this sprint; GSC, analytics, backlinks and catalog exports unavailable","Public response 200"
"https://www.modelhomeinc.com/store/Euro-Oak-Cayman-p671057607","200","","","Preserve active store; no redirect approved","Store is outside this sprint; GSC, analytics, backlinks and catalog exports unavailable","Public response 200"
"https://www.modelhomeinc.com/store/Euro-Oak-Curacao-p671065566","200","","","Preserve active store; no redirect approved","Store is outside this sprint; GSC, analytics, backlinks and catalog exports unavailable","Public response 200"
"https://www.modelhomeinc.com/store/Euro-Oak-Bahama-p671057606","200","","","Preserve active store; no redirect approved","Store is outside this sprint; GSC, analytics, backlinks and catalog exports unavailable","Public response 200"
"https://www.modelhomeinc.com/store/Euro-Oak-Barbados-p671065565","200","","","Preserve active store; no redirect approved","Store is outside this sprint; GSC, analytics, backlinks and catalog exports unavailable","Public response 200"
"https://www.modelhomeinc.com/store/Euro-Oak-Aruba-p671057605","200","","","Preserve active store; no redirect approved","Store is outside this sprint; GSC, analytics, backlinks and catalog exports unavailable","Public response 200"
"https://www.modelhomeinc.com/store/Euro-Oak-Antigua-p670868656","200","","","Preserve active store; no redirect approved","Store is outside this sprint; GSC, analytics, backlinks and catalog exports unavailable","Public response 200"
"https://www.modelhomeinc.com/store/Hickory-Natural-p671334411","200","","","Preserve active store; no redirect approved","Store is outside this sprint; GSC, analytics, backlinks and catalog exports unavailable","Public response 200"
"https://www.modelhomeinc.com/store/Hickory-Klondike-p671340360","200","","","Preserve active store; no redirect approved","Store is outside this sprint; GSC, analytics, backlinks and catalog exports unavailable","Public response 200"
"https://www.modelhomeinc.com/store/Hickory-Juneau-p671340358","200","","","Preserve active store; no redirect approved","Store is outside this sprint; GSC, analytics, backlinks and catalog exports unavailable","Public response 200"
"https://www.modelhomeinc.com/store/Hickory-Dawson-p671334386","200","","","Preserve active store; no redirect approved","Store is outside this sprint; GSC, analytics, backlinks and catalog exports unavailable","Public response 200"
"https://www.modelhomeinc.com/store/Hickory-Bennett-p671334385","200","","","Preserve active store; no redirect approved","Store is outside this sprint; GSC, analytics, backlinks and catalog exports unavailable","Public response 200"
"https://www.modelhomeinc.com/store/Red-Oak-Natural-p670780144","200","","","Preserve active store; no redirect approved","Store is outside this sprint; GSC, analytics, backlinks and catalog exports unavailable","Public response 200"
"https://www.modelhomeinc.com/store/Maple-Buckskin-p670779202","200","","","Preserve active store; no redirect approved","Store is outside this sprint; GSC, analytics, backlinks and catalog exports unavailable","Public response 200"
"https://www.modelhomeinc.com/store/Maple-Natural-p670782341","200","","","Preserve active store; no redirect approved","Store is outside this sprint; GSC, analytics, backlinks and catalog exports unavailable","Public response 200"
"https://www.modelhomeinc.com/store/Maple-Stirrup-p670782301","200","","","Preserve active store; no redirect approved","Store is outside this sprint; GSC, analytics, backlinks and catalog exports unavailable","Public response 200"
"https://www.modelhomeinc.com/store/Maple-Bourbon-p670780070","200","","","Preserve active store; no redirect approved","Store is outside this sprint; GSC, analytics, backlinks and catalog exports unavailable","Public response 200"
"https://www.modelhomeinc.com/store/Maple-Natural-p670779126","200","","","Preserve active store; no redirect approved","Store is outside this sprint; GSC, analytics, backlinks and catalog exports unavailable","Public response 200"
"https://www.modelhomeinc.com/store/Hickory-Natural-p670779090","200","","","Preserve active store; no redirect approved","Store is outside this sprint; GSC, analytics, backlinks and catalog exports unavailable","Public response 200"
"https://www.modelhomeinc.com/store/Birch-Ashland-p670779024","200","","","Preserve active store; no redirect approved","Store is outside this sprint; GSC, analytics, backlinks and catalog exports unavailable","Public response 200"
"https://www.modelhomeinc.com/store/Maple-York-Creek-p671158562","200","","","Preserve active store; no redirect approved","Store is outside this sprint; GSC, analytics, backlinks and catalog exports unavailable","Public response 200"
"https://www.modelhomeinc.com/store/Hickory-Silverado-p671162353","200","","","Preserve active store; no redirect approved","Store is outside this sprint; GSC, analytics, backlinks and catalog exports unavailable","Public response 200"
"https://www.modelhomeinc.com/store/Hickory-Skyline-p671162352","200","","","Preserve active store; no redirect approved","Store is outside this sprint; GSC, analytics, backlinks and catalog exports unavailable","Public response 200"
"https://www.modelhomeinc.com/store/Maple-Orville-p671162354","200","","","Preserve active store; no redirect approved","Store is outside this sprint; GSC, analytics, backlinks and catalog exports unavailable","Public response 200"
"https://www.modelhomeinc.com/store/Hickory-Monticello-p671173781","200","","","Preserve active store; no redirect approved","Store is outside this sprint; GSC, analytics, backlinks and catalog exports unavailable","Public response 200"
"https://www.modelhomeinc.com/store/Natural-Light-Rustic-White-Oak-p670181427","200","","","Preserve active store; no redirect approved","Store is outside this sprint; GSC, analytics, backlinks and catalog exports unavailable","Public response 200"
"https://www.modelhomeinc.com/store/Natural-Light-Rustic-Walnut-p670181426","200","","","Preserve active store; no redirect approved","Store is outside this sprint; GSC, analytics, backlinks and catalog exports unavailable","Public response 200"
"https://www.modelhomeinc.com/store/Natural-Light-Rustic-Red-Oak-p670199571","200","","","Preserve active store; no redirect approved","Store is outside this sprint; GSC, analytics, backlinks and catalog exports unavailable","Public response 200"
"https://www.modelhomeinc.com/store/Natural-Light-Rustic-Maple-p670199570","200","","","Preserve active store; no redirect approved","Store is outside this sprint; GSC, analytics, backlinks and catalog exports unavailable","Public response 200"
"https://www.modelhomeinc.com/store/Natural-Light-Rustic-Hickory-p670156964","200","","","Preserve active store; no redirect approved","Store is outside this sprint; GSC, analytics, backlinks and catalog exports unavailable","Public response 200"
"https://www.modelhomeinc.com/store/Natural-Prime-White-Oak-p670181446","200","","","Preserve active store; no redirect approved","Store is outside this sprint; GSC, analytics, backlinks and catalog exports unavailable","Public response 200"
"https://www.modelhomeinc.com/store/Natural-Prime-Walnut-p670156977","200","","","Preserve active store; no redirect approved","Store is outside this sprint; GSC, analytics, backlinks and catalog exports unavailable","Public response 200"
"https://www.modelhomeinc.com/store/Natural-Prime-Red-Oak-p670156968","200","","","Preserve active store; no redirect approved","Store is outside this sprint; GSC, analytics, backlinks and catalog exports unavailable","Public response 200"
"https://www.modelhomeinc.com/store/Natural-Prime-Maple-p670156967","200","","","Preserve active store; no redirect approved","Store is outside this sprint; GSC, analytics, backlinks and catalog exports unavailable","Public response 200"
"https://www.modelhomeinc.com/store/Natural-Prime-Hickory-p670156966","200","","","Preserve active store; no redirect approved","Store is outside this sprint; GSC, analytics, backlinks and catalog exports unavailable","Public response 200"
"https://www.modelhomeinc.com/store/Berkshire-p670181403","200","","","Preserve active store; no redirect approved","Store is outside this sprint; GSC, analytics, backlinks and catalog exports unavailable","Public response 200"
"https://www.modelhomeinc.com/store/Walden-p670528877","200","","","Preserve active store; no redirect approved","Store is outside this sprint; GSC, analytics, backlinks and catalog exports unavailable","Public response 200"
"https://www.modelhomeinc.com/store/Suffolk-p670526848","200","","","Preserve active store; no redirect approved","Store is outside this sprint; GSC, analytics, backlinks and catalog exports unavailable","Public response 200"
"https://www.modelhomeinc.com/store/Hemsby-p670393475","200","","","Preserve active store; no redirect approved","Store is outside this sprint; GSC, analytics, backlinks and catalog exports unavailable","Public response 200"
"https://www.modelhomeinc.com/store/Hillwood-p670435936","200","","","Preserve active store; no redirect approved","Store is outside this sprint; GSC, analytics, backlinks and catalog exports unavailable","Public response 200"
"https://www.modelhomeinc.com/store/Verte-p670393336","200","","","Preserve active store; no redirect approved","Store is outside this sprint; GSC, analytics, backlinks and catalog exports unavailable","Public response 200"
"https://www.modelhomeinc.com/store/Retz-p670355735","200","","","Preserve active store; no redirect approved","Store is outside this sprint; GSC, analytics, backlinks and catalog exports unavailable","Public response 200"
"https://www.modelhomeinc.com/store/Montrichard-p670393328","200","","","Preserve active store; no redirect approved","Store is outside this sprint; GSC, analytics, backlinks and catalog exports unavailable","Public response 200"
"https://www.modelhomeinc.com/store/Lorraine-p670335154","200","","","Preserve active store; no redirect approved","Store is outside this sprint; GSC, analytics, backlinks and catalog exports unavailable","Public response 200"
"https://www.modelhomeinc.com/store/Braize-p670335153","200","","","Preserve active store; no redirect approved","Store is outside this sprint; GSC, analytics, backlinks and catalog exports unavailable","Public response 200"
"https://www.modelhomeinc.com/store/Aumont-p670393326","200","","","Preserve active store; no redirect approved","Store is outside this sprint; GSC, analytics, backlinks and catalog exports unavailable","Public response 200"
"https://www.modelhomeinc.com/store/Allier-p670393325","200","","","Preserve active store; no redirect approved","Store is outside this sprint; GSC, analytics, backlinks and catalog exports unavailable","Public response 200"
"https://www.modelhomeinc.com/store/Allier-p670236748","200","","","Preserve active store; no redirect approved","Store is outside this sprint; GSC, analytics, backlinks and catalog exports unavailable","Public response 200"
"https://www.modelhomeinc.com/store/Panna-p670435881","200","","","Preserve active store; no redirect approved","Store is outside this sprint; GSC, analytics, backlinks and catalog exports unavailable","Public response 200"
"https://www.modelhomeinc.com/store/Nebbia-p670442816","200","","","Preserve active store; no redirect approved","Store is outside this sprint; GSC, analytics, backlinks and catalog exports unavailable","Public response 200"
"https://www.modelhomeinc.com/store/Campo-p670393444","200","","","Preserve active store; no redirect approved","Store is outside this sprint; GSC, analytics, backlinks and catalog exports unavailable","Public response 200"
"https://www.modelhomeinc.com/store/Basalto-p670335232","200","","","Preserve active store; no redirect approved","Store is outside this sprint; GSC, analytics, backlinks and catalog exports unavailable","Public response 200"
"https://www.modelhomeinc.com/store/Bruno-p670435869","200","","","Preserve active store; no redirect approved","Store is outside this sprint; GSC, analytics, backlinks and catalog exports unavailable","Public response 200"
"https://www.modelhomeinc.com/store/Scorza-p670442827","200","","","Preserve active store; no redirect approved","Store is outside this sprint; GSC, analytics, backlinks and catalog exports unavailable","Public response 200"
"https://www.modelhomeinc.com/store/Avorio-p670435904","200","","","Preserve active store; no redirect approved","Store is outside this sprint; GSC, analytics, backlinks and catalog exports unavailable","Public response 200"
"https://www.modelhomeinc.com/store/Terra-Verano-Herrington-p670393456","200","","","Preserve active store; no redirect approved","Store is outside this sprint; GSC, analytics, backlinks and catalog exports unavailable","Public response 200"
"https://www.modelhomeinc.com/store/Cielo-p670236667","200","","","Preserve active store; no redirect approved","Store is outside this sprint; GSC, analytics, backlinks and catalog exports unavailable","Public response 200"
"https://www.modelhomeinc.com/store/Sisley-p670355568","200","","","Preserve active store; no redirect approved","Store is outside this sprint; GSC, analytics, backlinks and catalog exports unavailable","Public response 200"
"https://www.modelhomeinc.com/store/Renoir-p670335034","200","","","Preserve active store; no redirect approved","Store is outside this sprint; GSC, analytics, backlinks and catalog exports unavailable","Public response 200"
"https://www.modelhomeinc.com/store/Matisse-p670335033","200","","","Preserve active store; no redirect approved","Store is outside this sprint; GSC, analytics, backlinks and catalog exports unavailable","Public response 200"
"https://www.modelhomeinc.com/store/Monet-p670355556","200","","","Preserve active store; no redirect approved","Store is outside this sprint; GSC, analytics, backlinks and catalog exports unavailable","Public response 200"
"https://www.modelhomeinc.com/store/Latour-p670321902","200","","","Preserve active store; no redirect approved","Store is outside this sprint; GSC, analytics, backlinks and catalog exports unavailable","Public response 200"
"https://www.modelhomeinc.com/store/Degas-p670355553","200","","","Preserve active store; no redirect approved","Store is outside this sprint; GSC, analytics, backlinks and catalog exports unavailable","Public response 200"
"https://www.modelhomeinc.com/store/Cezanne-p670355542","200","","","Preserve active store; no redirect approved","Store is outside this sprint; GSC, analytics, backlinks and catalog exports unavailable","Public response 200"
"https://www.modelhomeinc.com/store/Cassatt-p670284753","200","","","Preserve active store; no redirect approved","Store is outside this sprint; GSC, analytics, backlinks and catalog exports unavailable","Public response 200"
"https://www.modelhomeinc.com/store/Bazille-p670273570","200","","","Preserve active store; no redirect approved","Store is outside this sprint; GSC, analytics, backlinks and catalog exports unavailable","Public response 200"
"https://www.modelhomeinc.com/store/Vico-p670199566","200","","","Preserve active store; no redirect approved","Store is outside this sprint; GSC, analytics, backlinks and catalog exports unavailable","Public response 200"
"https://www.modelhomeinc.com/store/Moro-p670156961","200","","","Preserve active store; no redirect approved","Store is outside this sprint; GSC, analytics, backlinks and catalog exports unavailable","Public response 200"
"https://www.modelhomeinc.com/store/Devero-p670156958","200","","","Preserve active store; no redirect approved","Store is outside this sprint; GSC, analytics, backlinks and catalog exports unavailable","Public response 200"
"https://www.modelhomeinc.com/store/Como-p670181407","200","","","Preserve active store; no redirect approved","Store is outside this sprint; GSC, analytics, backlinks and catalog exports unavailable","Public response 200"
"https://www.modelhomeinc.com/store/Belviso-p670199553","200","","","Preserve active store; no redirect approved","Store is outside this sprint; GSC, analytics, backlinks and catalog exports unavailable","Public response 200"
"https://www.modelhomeinc.com/store/Bolsena-p670199564","200","","","Preserve active store; no redirect approved","Store is outside this sprint; GSC, analytics, backlinks and catalog exports unavailable","Public response 200"
"https://www.modelhomeinc.com/store/Ampola-p670181405","200","","","Preserve active store; no redirect approved","Store is outside this sprint; GSC, analytics, backlinks and catalog exports unavailable","Public response 200"
"https://www.modelhomeinc.com/store/Vico-p670156963","200","","","Preserve active store; no redirect approved","Store is outside this sprint; GSC, analytics, backlinks and catalog exports unavailable","Public response 200"
"https://www.modelhomeinc.com/store/Moro-p670156962","200","","","Preserve active store; no redirect approved","Store is outside this sprint; GSC, analytics, backlinks and catalog exports unavailable","Public response 200"
"https://www.modelhomeinc.com/store/Devero-p670181424","200","","","Preserve active store; no redirect approved","Store is outside this sprint; GSC, analytics, backlinks and catalog exports unavailable","Public response 200"
"https://www.modelhomeinc.com/store/Como-p670181423","200","","","Preserve active store; no redirect approved","Store is outside this sprint; GSC, analytics, backlinks and catalog exports unavailable","Public response 200"
"https://www.modelhomeinc.com/store/Belviso-p670199567","200","","","Preserve active store; no redirect approved","Store is outside this sprint; GSC, analytics, backlinks and catalog exports unavailable","Public response 200"
"https://www.modelhomeinc.com/store/Bolsena-p670181422","200","","","Preserve active store; no redirect approved","Store is outside this sprint; GSC, analytics, backlinks and catalog exports unavailable","Public response 200"
"https://www.modelhomeinc.com/store/Ampola-p670181410","200","","","Preserve active store; no redirect approved","Store is outside this sprint; GSC, analytics, backlinks and catalog exports unavailable","Public response 200"
"https://www.modelhomeinc.com/store/Ampola-Square-Stair-Tread-p670199639","200","","","Preserve active store; no redirect approved","Store is outside this sprint; GSC, analytics, backlinks and catalog exports unavailable","Public response 200"
"https://www.modelhomeinc.com/store/Juliana-p670262107","200","","","Preserve active store; no redirect approved","Store is outside this sprint; GSC, analytics, backlinks and catalog exports unavailable","Public response 200"
"https://www.modelhomeinc.com/store/Isabella-p670234244","200","","","Preserve active store; no redirect approved","Store is outside this sprint; GSC, analytics, backlinks and catalog exports unavailable","Public response 200"
"https://www.modelhomeinc.com/store/Catherine-p670236685","200","","","Preserve active store; no redirect approved","Store is outside this sprint; GSC, analytics, backlinks and catalog exports unavailable","Public response 200"
"https://www.modelhomeinc.com/store/Carolina-p670262082","200","","","Preserve active store; no redirect approved","Store is outside this sprint; GSC, analytics, backlinks and catalog exports unavailable","Public response 200"
"https://www.modelhomeinc.com/store/Vista-p670236672","200","","","Preserve active store; no redirect approved","Store is outside this sprint; GSC, analytics, backlinks and catalog exports unavailable","Public response 200"
"https://www.modelhomeinc.com/store/Veranda-p670236668","200","","","Preserve active store; no redirect approved","Store is outside this sprint; GSC, analytics, backlinks and catalog exports unavailable","Public response 200"
"https://www.modelhomeinc.com/store/Bella-p670236666","200","","","Preserve active store; no redirect approved","Store is outside this sprint; GSC, analytics, backlinks and catalog exports unavailable","Public response 200"
"https://www.modelhomeinc.com/store/Natural-Light-Rustic-p670262111","200","","","Preserve active store; no redirect approved","Store is outside this sprint; GSC, analytics, backlinks and catalog exports unavailable","Public response 200"
"https://www.modelhomeinc.com/store/Bleached-Light-Rustic-p670262120","200","","","Preserve active store; no redirect approved","Store is outside this sprint; GSC, analytics, backlinks and catalog exports unavailable","Public response 200"
"https://www.modelhomeinc.com/store/Aria-p670236663","200","","","Preserve active store; no redirect approved","Store is outside this sprint; GSC, analytics, backlinks and catalog exports unavailable","Public response 200"
"https://www.modelhomeinc.com/store/Adoro-p670234205","200","","","Preserve active store; no redirect approved","Store is outside this sprint; GSC, analytics, backlinks and catalog exports unavailable","Public response 200"
"https://www.modelhomeinc.com/store/Natural-Prime-p670273542","200","","","Preserve active store; no redirect approved","Store is outside this sprint; GSC, analytics, backlinks and catalog exports unavailable","Public response 200"
"https://www.modelhomeinc.com/store/Bleached-Prime-p670273560","200","","","Preserve active store; no redirect approved","Store is outside this sprint; GSC, analytics, backlinks and catalog exports unavailable","Public response 200"
"https://www.modelhomeinc.com/store/Bianco-p670435752","200","","","Preserve active store; no redirect approved","Store is outside this sprint; GSC, analytics, backlinks and catalog exports unavailable","Public response 200"
"https://www.modelhomeinc.com/store/Walmer-p670442842","200","","","Preserve active store; no redirect approved","Store is outside this sprint; GSC, analytics, backlinks and catalog exports unavailable","Public response 200"
"https://www.modelhomeinc.com/store/Langdon-p670442841","200","","","Preserve active store; no redirect approved","Store is outside this sprint; GSC, analytics, backlinks and catalog exports unavailable","Public response 200"
"https://www.modelhomeinc.com/store/Kent-p670393470","200","","","Preserve active store; no redirect approved","Store is outside this sprint; GSC, analytics, backlinks and catalog exports unavailable","Public response 200"
"https://www.modelhomeinc.com/store/Foxley-p670435921","200","","","Preserve active store; no redirect approved","Store is outside this sprint; GSC, analytics, backlinks and catalog exports unavailable","Public response 200"
"https://www.modelhomeinc.com/store/Edmund-p670435920","200","","","Preserve active store; no redirect approved","Store is outside this sprint; GSC, analytics, backlinks and catalog exports unavailable","Public response 200"
"https://www.modelhomeinc.com/store/Citadel-p670435918","200","","","Preserve active store; no redirect approved","Store is outside this sprint; GSC, analytics, backlinks and catalog exports unavailable","Public response 200"
"https://www.modelhomeinc.com/store/Ashley-p670393463","200","","","Preserve active store; no redirect approved","Store is outside this sprint; GSC, analytics, backlinks and catalog exports unavailable","Public response 200"
"https://www.modelhomeinc.com/store/Allier-Domaine-Herringbone-p670355736","200","","","Preserve active store; no redirect approved","Store is outside this sprint; GSC, analytics, backlinks and catalog exports unavailable","Public response 200"
"https://www.modelhomeinc.com/store/Venosta-p670526911","200","","","Preserve active store; no redirect approved","Store is outside this sprint; GSC, analytics, backlinks and catalog exports unavailable","Public response 200"
"https://www.modelhomeinc.com/store/Thyon-p670523482","200","","","Preserve active store; no redirect approved","Store is outside this sprint; GSC, analytics, backlinks and catalog exports unavailable","Public response 200"
"https://www.modelhomeinc.com/store/Parsenn-p670526894","200","","","Preserve active store; no redirect approved","Store is outside this sprint; GSC, analytics, backlinks and catalog exports unavailable","Public response 200"
"https://www.modelhomeinc.com/store/Nendaz-p670523481","200","","","Preserve active store; no redirect approved","Store is outside this sprint; GSC, analytics, backlinks and catalog exports unavailable","Public response 200"
"https://www.modelhomeinc.com/store/Lumiere-p670526893","200","","","Preserve active store; no redirect approved","Store is outside this sprint; GSC, analytics, backlinks and catalog exports unavailable","Public response 200"
"https://www.modelhomeinc.com/store/Isola-p670528892","200","","","Preserve active store; no redirect approved","Store is outside this sprint; GSC, analytics, backlinks and catalog exports unavailable","Public response 200"
"https://www.modelhomeinc.com/store/Grenoble-p670526892","200","","","Preserve active store; no redirect approved","Store is outside this sprint; GSC, analytics, backlinks and catalog exports unavailable","Public response 200"
"https://www.modelhomeinc.com/store/Fellhorn-p670526883","200","","","Preserve active store; no redirect approved","Store is outside this sprint; GSC, analytics, backlinks and catalog exports unavailable","Public response 200"
"https://www.modelhomeinc.com/store/Pesaro-p670131034","200","","","Preserve active store; no redirect approved","Store is outside this sprint; GSC, analytics, backlinks and catalog exports unavailable","Public response 200"
"https://www.modelhomeinc.com/store/Lusia-p670115196","200","","","Preserve active store; no redirect approved","Store is outside this sprint; GSC, analytics, backlinks and catalog exports unavailable","Public response 200"
"https://www.modelhomeinc.com/store/Corinthian-p620669714","200","","","Preserve active store; no redirect approved","Store is outside this sprint; GSC, analytics, backlinks and catalog exports unavailable","Public response 200"
"https://www.modelhomeinc.com/store/Belluno-p620693672","200","","","Preserve active store; no redirect approved","Store is outside this sprint; GSC, analytics, backlinks and catalog exports unavailable","Public response 200"
"https://www.modelhomeinc.com/store/Sebastian-p620743100","200","","","Preserve active store; no redirect approved","Store is outside this sprint; GSC, analytics, backlinks and catalog exports unavailable","Public response 200"
"https://www.modelhomeinc.com/store/Rochelle-p620692247","200","","","Preserve active store; no redirect approved","Store is outside this sprint; GSC, analytics, backlinks and catalog exports unavailable","Public response 200"
"https://www.modelhomeinc.com/store/Mondariz-p620693662","200","","","Preserve active store; no redirect approved","Store is outside this sprint; GSC, analytics, backlinks and catalog exports unavailable","Public response 200"
"https://www.modelhomeinc.com/store/Marisol-p620743573","200","","","Preserve active store; no redirect approved","Store is outside this sprint; GSC, analytics, backlinks and catalog exports unavailable","Public response 200"
"https://www.modelhomeinc.com/store/Nuoro-p620743569","200","","","Preserve active store; no redirect approved","Store is outside this sprint; GSC, analytics, backlinks and catalog exports unavailable","Public response 200"
"https://www.modelhomeinc.com/store/Margaux-p620745821","200","","","Preserve active store; no redirect approved","Store is outside this sprint; GSC, analytics, backlinks and catalog exports unavailable","Public response 200"
"https://www.modelhomeinc.com/store/Bellet-p620747808","200","","","Preserve active store; no redirect approved","Store is outside this sprint; GSC, analytics, backlinks and catalog exports unavailable","Public response 200"
"https://www.modelhomeinc.com/store/Moda-p620743563","200","","","Preserve active store; no redirect approved","Store is outside this sprint; GSC, analytics, backlinks and catalog exports unavailable","Public response 200"
"https://www.modelhomeinc.com/store/Vasto-p620743111","200","","","Preserve active store; no redirect approved","Store is outside this sprint; GSC, analytics, backlinks and catalog exports unavailable","Public response 200"
"https://www.modelhomeinc.com/store/Lisbon-p620747788","200","","","Preserve active store; no redirect approved","Store is outside this sprint; GSC, analytics, backlinks and catalog exports unavailable","Public response 200"
"https://www.modelhomeinc.com/store/Montrieux-p620669713","200","","","Preserve active store; no redirect approved","Store is outside this sprint; GSC, analytics, backlinks and catalog exports unavailable","Public response 200"
"https://www.modelhomeinc.com/store/Cosenza-p620754021","200","","","Preserve active store; no redirect approved","Store is outside this sprint; GSC, analytics, backlinks and catalog exports unavailable","Public response 200"
"https://www.modelhomeinc.com/store/Granville-p620743565","200","","","Preserve active store; no redirect approved","Store is outside this sprint; GSC, analytics, backlinks and catalog exports unavailable","Public response 200"
"https://www.modelhomeinc.com/store/Varazze-p620743571","200","","","Preserve active store; no redirect approved","Store is outside this sprint; GSC, analytics, backlinks and catalog exports unavailable","Public response 200"
"https://www.modelhomeinc.com/store/Cannes-p620743105","200","","","Preserve active store; no redirect approved","Store is outside this sprint; GSC, analytics, backlinks and catalog exports unavailable","Public response 200"
"https://www.modelhomeinc.com/store/Valbonne-p620745828","200","","","Preserve active store; no redirect approved","Store is outside this sprint; GSC, analytics, backlinks and catalog exports unavailable","Public response 200"
"https://www.modelhomeinc.com/store/Bayonne-p620754010","200","","","Preserve active store; no redirect approved","Store is outside this sprint; GSC, analytics, backlinks and catalog exports unavailable","Public response 200"
"https://www.modelhomeinc.com/store/Bilbao-p620754009","200","","","Preserve active store; no redirect approved","Store is outside this sprint; GSC, analytics, backlinks and catalog exports unavailable","Public response 200"
"https://www.modelhomeinc.com/store/Vermeer-p620747818","200","","","Preserve active store; no redirect approved","Store is outside this sprint; GSC, analytics, backlinks and catalog exports unavailable","Public response 200"
"https://www.modelhomeinc.com/store/Rubens-p620669727","200","","","Preserve active store; no redirect approved","Store is outside this sprint; GSC, analytics, backlinks and catalog exports unavailable","Public response 200"
"https://www.modelhomeinc.com/store/Rembrandt-p620745847","200","","","Preserve active store; no redirect approved","Store is outside this sprint; GSC, analytics, backlinks and catalog exports unavailable","Public response 200"
"https://www.modelhomeinc.com/store/Renoir-p620693686","200","","","Preserve active store; no redirect approved","Store is outside this sprint; GSC, analytics, backlinks and catalog exports unavailable","Public response 200"
"https://www.modelhomeinc.com/store/Mondrian-p620669726","200","","","Preserve active store; no redirect approved","Store is outside this sprint; GSC, analytics, backlinks and catalog exports unavailable","Public response 200"
"https://www.modelhomeinc.com/store/Michelangelo-p620743580","200","","","Preserve active store; no redirect approved","Store is outside this sprint; GSC, analytics, backlinks and catalog exports unavailable","Public response 200"
"https://www.modelhomeinc.com/store/Magritte-p620745848","200","","","Preserve active store; no redirect approved","Store is outside this sprint; GSC, analytics, backlinks and catalog exports unavailable","Public response 200"
"https://www.modelhomeinc.com/store/Miro-p620743579","200","","","Preserve active store; no redirect approved","Store is outside this sprint; GSC, analytics, backlinks and catalog exports unavailable","Public response 200"
"https://www.modelhomeinc.com/store/Degas-p620747819","200","","","Preserve active store; no redirect approved","Store is outside this sprint; GSC, analytics, backlinks and catalog exports unavailable","Public response 200"
"https://www.modelhomeinc.com/store/Delacroix-p620754036","200","","","Preserve active store; no redirect approved","Store is outside this sprint; GSC, analytics, backlinks and catalog exports unavailable","Public response 200"
"https://www.modelhomeinc.com/store/Chagall-p620754037","200","","","Preserve active store; no redirect approved","Store is outside this sprint; GSC, analytics, backlinks and catalog exports unavailable","Public response 200"
"https://www.modelhomeinc.com/store/Provence-p620743176","200","","","Preserve active store; no redirect approved","Store is outside this sprint; GSC, analytics, backlinks and catalog exports unavailable","Public response 200"
"https://www.modelhomeinc.com/store/Marne-p620762001","200","","","Preserve active store; no redirect approved","Store is outside this sprint; GSC, analytics, backlinks and catalog exports unavailable","Public response 200"
"https://www.modelhomeinc.com/store/Maincy-p620743587","200","","","Preserve active store; no redirect approved","Store is outside this sprint; GSC, analytics, backlinks and catalog exports unavailable","Public response 200"
"https://www.modelhomeinc.com/store/Forest-p620743586","200","","","Preserve active store; no redirect approved","Store is outside this sprint; GSC, analytics, backlinks and catalog exports unavailable","Public response 200"
"https://www.modelhomeinc.com/store/Auvers-p620747826","200","","","Preserve active store; no redirect approved","Store is outside this sprint; GSC, analytics, backlinks and catalog exports unavailable","Public response 200"
"https://www.modelhomeinc.com/store/Woca-Oil-Refresher-White-1-liter-concentrate-p670335228","200","","","Preserve active store; no redirect approved","Store is outside this sprint; GSC, analytics, backlinks and catalog exports unavailable","Public response 200"
"https://www.modelhomeinc.com/store/Woca-Oil-Refresher-Natural-1-liter-concentrate-p670335188","200","","","Preserve active store; no redirect approved","Store is outside this sprint; GSC, analytics, backlinks and catalog exports unavailable","Public response 200"
"https://www.modelhomeinc.com/store/Woca-Soap-White-1-liter-concentrate-p670435774","200","","","Preserve active store; no redirect approved","Store is outside this sprint; GSC, analytics, backlinks and catalog exports unavailable","Public response 200"
"https://www.modelhomeinc.com/store/Woca-Natural-Soap-1-liter-concentrate-p670335187","200","","","Preserve active store; no redirect approved","Store is outside this sprint; GSC, analytics, backlinks and catalog exports unavailable","Public response 200"
"https://www.modelhomeinc.com/store/Style-Boardwalk-Collective-Color-Silver-Shadow-p673697735","200","","","Preserve active store; no redirect approved","Store is outside this sprint; GSC, analytics, backlinks and catalog exports unavailable","Public response 200"
"https://www.modelhomeinc.com/store/Style-Boardwalk-Collective-Color-Beachwood-p673742756","200","","","Preserve active store; no redirect approved","Store is outside this sprint; GSC, analytics, backlinks and catalog exports unavailable","Public response 200"
"https://www.modelhomeinc.com/store/Style-Rare-Vintage-Color-Ashlar-Oak-p673737056","200","","","Preserve active store; no redirect approved","Store is outside this sprint; GSC, analytics, backlinks and catalog exports unavailable","Public response 200"
"https://www.modelhomeinc.com/store/Style-Rare-Vintage-Color-Doeskin-Chestnut-p673721362","200","","","Preserve active store; no redirect approved","Store is outside this sprint; GSC, analytics, backlinks and catalog exports unavailable","Public response 200"
"https://www.modelhomeinc.com/store/Style-Boardwalk-Collective-Color-Silverstone-Chestnut-p673689469","200","","","Preserve active store; no redirect approved","Store is outside this sprint; GSC, analytics, backlinks and catalog exports unavailable","Public response 200"
"https://www.modelhomeinc.com/store/Style-Boardwalk-Collective-Color-Wicker-p673697349","200","","","Preserve active store; no redirect approved","Store is outside this sprint; GSC, analytics, backlinks and catalog exports unavailable","Public response 200"
"https://www.modelhomeinc.com/store/Style-Boardwalk-Collective-Color-Outerbanks-p673688427","200","","","Preserve active store; no redirect approved","Store is outside this sprint; GSC, analytics, backlinks and catalog exports unavailable","Public response 200"
"https://www.modelhomeinc.com/store/Style-Boardwalk-Collective-Color-Sail-Cloth-p673688426","200","","","Preserve active store; no redirect approved","Store is outside this sprint; GSC, analytics, backlinks and catalog exports unavailable","Public response 200"
"https://www.modelhomeinc.com/store/Style-Boardwalk-Collective-Color-Boathouse-Brown-p673689383","200","","","Preserve active store; no redirect approved","Store is outside this sprint; GSC, analytics, backlinks and catalog exports unavailable","Public response 200"
"https://www.modelhomeinc.com/store/Style-Rare-Vintage-Color-Driftwood-Oak-p673697313","200","","","Preserve active store; no redirect approved","Store is outside this sprint; GSC, analytics, backlinks and catalog exports unavailable","Public response 200"
"https://www.modelhomeinc.com/store/Style-Rare-Vintage-Color-Earthen-Chestnut-p673697598","200","","","Preserve active store; no redirect approved","Store is outside this sprint; GSC, analytics, backlinks and catalog exports unavailable","Public response 200"
"https://www.modelhomeinc.com/store/Style-Rare-Vintage-Color-Knotted-Chestnut-p673689379","200","","","Preserve active store; no redirect approved","Store is outside this sprint; GSC, analytics, backlinks and catalog exports unavailable","Public response 200"
"https://www.modelhomeinc.com/store/Style-Rare-Vintage-Color-Cedar-Chestnut-p673697578","200","","","Preserve active store; no redirect approved","Store is outside this sprint; GSC, analytics, backlinks and catalog exports unavailable","Public response 200"
"https://www.modelhomeinc.com/store/Style-Granbury-Oak-Color-Wickham-Gray-Oak-p673697308","200","","","Preserve active store; no redirect approved","Store is outside this sprint; GSC, analytics, backlinks and catalog exports unavailable","Public response 200"
"https://www.modelhomeinc.com/store/Style-Briarfield-Color-Light-Truffle-Oak-p673689366","200","","","Preserve active store; no redirect approved","Store is outside this sprint; GSC, analytics, backlinks and catalog exports unavailable","Public response 200"
"https://www.modelhomeinc.com/store/Style-Briarfield-Color-Scorched-Oak-p673624280","200","","","Preserve active store; no redirect approved","Store is outside this sprint; GSC, analytics, backlinks and catalog exports unavailable","Public response 200"
"https://www.modelhomeinc.com/store/Style-Bellente-Color-Whitewash-Oak-p673591172","200","","","Preserve active store; no redirect approved","Store is outside this sprint; GSC, analytics, backlinks and catalog exports unavailable","Public response 200"
"https://www.modelhomeinc.com/store/Style-Hampton-Villa-Color-Sunshower-Oak-p673592191","200","","","Preserve active store; no redirect approved","Store is outside this sprint; GSC, analytics, backlinks and catalog exports unavailable","Public response 200"
"https://www.modelhomeinc.com/store/Style-Lenox-Park-Color-Wicker-Oak-p673591151","200","","","Preserve active store; no redirect approved","Store is outside this sprint; GSC, analytics, backlinks and catalog exports unavailable","Public response 200"
"https://www.modelhomeinc.com/store/Style-Hampton-Villa-Color-Anchor-Oak-p673592183","200","","","Preserve active store; no redirect approved","Store is outside this sprint; GSC, analytics, backlinks and catalog exports unavailable","Public response 200"
"https://www.modelhomeinc.com/store/Style-Hampton-Villa-Color-Cloudy-Oak-p673614284","200","","","Preserve active store; no redirect approved","Store is outside this sprint; GSC, analytics, backlinks and catalog exports unavailable","Public response 200"
"https://www.modelhomeinc.com/store/Style-Hampton-Villa-Color-Sierra-Sand-Oak-p673591138","200","","","Preserve active store; no redirect approved","Store is outside this sprint; GSC, analytics, backlinks and catalog exports unavailable","Public response 200"
"https://www.modelhomeinc.com/store/Style-Hampton-Villa-Color-Dockside-Oak-p673592172","200","","","Preserve active store; no redirect approved","Store is outside this sprint; GSC, analytics, backlinks and catalog exports unavailable","Public response 200"
"https://www.modelhomeinc.com/store/Style-Hampton-Villa-Color-Dockside-Oak-p673584917","200","","","Preserve active store; no redirect approved","Store is outside this sprint; GSC, analytics, backlinks and catalog exports unavailable","Public response 200"
"https://www.modelhomeinc.com/store/Style-Hampton-Villa-Color-Sunbleached-Oak-p673592169","200","","","Preserve active store; no redirect approved","Store is outside this sprint; GSC, analytics, backlinks and catalog exports unavailable","Public response 200"
"https://www.modelhomeinc.com/store/Style-Hampton-Villa-Color-Tulip-Shell-Oak-p673591134","200","","","Preserve active store; no redirect approved","Store is outside this sprint; GSC, analytics, backlinks and catalog exports unavailable","Public response 200"
"https://www.modelhomeinc.com/store/Style-Hampton-Villa-Color-Sunbleached-Oak-p673614280","200","","","Preserve active store; no redirect approved","Store is outside this sprint; GSC, analytics, backlinks and catalog exports unavailable","Public response 200"
"https://www.modelhomeinc.com/store/Style-Hampton-Villa-Color-Golden-Hour-Oak-p673583494","200","","","Preserve active store; no redirect approved","Store is outside this sprint; GSC, analytics, backlinks and catalog exports unavailable","Public response 200"
"https://www.modelhomeinc.com/store/Style-Lenox-Park-Color-Country-Road-Oak-p673592167","200","","","Preserve active store; no redirect approved","Store is outside this sprint; GSC, analytics, backlinks and catalog exports unavailable","Public response 200"
"https://www.modelhomeinc.com/store/Style-Lenox-Park-Color-Worn-Leather-Oak-p673614278","200","","","Preserve active store; no redirect approved","Store is outside this sprint; GSC, analytics, backlinks and catalog exports unavailable","Public response 200"
"https://www.modelhomeinc.com/store/Style-Castlebriar-Color-Antiquities-Oak-p673583492","200","","","Preserve active store; no redirect approved","Store is outside this sprint; GSC, analytics, backlinks and catalog exports unavailable","Public response 200"
"https://www.modelhomeinc.com/store/Style-Hartwick-Color-Skyline-Maple-p673583491","200","","","Preserve active store; no redirect approved","Store is outside this sprint; GSC, analytics, backlinks and catalog exports unavailable","Public response 200"
"https://www.modelhomeinc.com/store/Style-Sterlington-Color-Rich-Barrel-Oak-p673592165","200","","","Preserve active store; no redirect approved","Store is outside this sprint; GSC, analytics, backlinks and catalog exports unavailable","Public response 200"
"https://www.modelhomeinc.com/store/Style-Sterlington-Color-Smooth-Amber-Oak-p673583488","200","","","Preserve active store; no redirect approved","Store is outside this sprint; GSC, analytics, backlinks and catalog exports unavailable","Public response 200"
"https://www.modelhomeinc.com/store/Style-Sterlington-Color-Smooth-Amber-Oak-p673583485","200","","","Preserve active store; no redirect approved","Store is outside this sprint; GSC, analytics, backlinks and catalog exports unavailable","Public response 200"
"https://www.modelhomeinc.com/store/Style-Adler-Creek-Color-Malted-Oak-p673592163","200","","","Preserve active store; no redirect approved","Store is outside this sprint; GSC, analytics, backlinks and catalog exports unavailable","Public response 200"
"https://www.modelhomeinc.com/store/Style-Sterlington-Color-Smooth-Amber-Oak-p673591116","200","","","Preserve active store; no redirect approved","Store is outside this sprint; GSC, analytics, backlinks and catalog exports unavailable","Public response 200"
"https://www.modelhomeinc.com/store/Style-Adler-Creek-Color-Malted-Oak-p673592149","200","","","Preserve active store; no redirect approved","Store is outside this sprint; GSC, analytics, backlinks and catalog exports unavailable","Public response 200"
"https://www.modelhomeinc.com/store/Style-Western-Row-Color-Twilight-Oak-p673591088","200","","","Preserve active store; no redirect approved","Store is outside this sprint; GSC, analytics, backlinks and catalog exports unavailable","Public response 200"
"https://www.modelhomeinc.com/store/Style-Western-Row-Color-Red-Clay-Oak-p673584883","200","","","Preserve active store; no redirect approved","Store is outside this sprint; GSC, analytics, backlinks and catalog exports unavailable","Public response 200"
"https://www.modelhomeinc.com/store/Style-Western-Row-Color-Tilled-Oak-p673583456","200","","","Preserve active store; no redirect approved","Store is outside this sprint; GSC, analytics, backlinks and catalog exports unavailable","Public response 200"
"https://www.modelhomeinc.com/store/Style-Western-Row-Color-Sun-Dried-Oak-p673584879","200","","","Preserve active store; no redirect approved","Store is outside this sprint; GSC, analytics, backlinks and catalog exports unavailable","Public response 200"
"https://www.modelhomeinc.com/store/Style-Casita-Terrace-Color-Rustic-Forest-Oak-p673584878","200","","","Preserve active store; no redirect approved","Store is outside this sprint; GSC, analytics, backlinks and catalog exports unavailable","Public response 200"
"https://www.modelhomeinc.com/store/Style-Casita-Terrace-Color-Mason-Ridge-Oak-p673591071","200","","","Preserve active store; no redirect approved","Store is outside this sprint; GSC, analytics, backlinks and catalog exports unavailable","Public response 200"
"https://www.modelhomeinc.com/store/Style-Casita-Terrace-Color-Cottonwood-Oak-p673580487","200","","","Preserve active store; no redirect approved","Store is outside this sprint; GSC, analytics, backlinks and catalog exports unavailable","Public response 200"
"https://www.modelhomeinc.com/store/Style-Casita-Terrace-Color-Cottonwood-Oak-p673580486","200","","","Preserve active store; no redirect approved","Store is outside this sprint; GSC, analytics, backlinks and catalog exports unavailable","Public response 200"
"https://www.modelhomeinc.com/store/Style-Elderwood-Color-Aged-Copper-Oak-p673592135","200","","","Preserve active store; no redirect approved","Store is outside this sprint; GSC, analytics, backlinks and catalog exports unavailable","Public response 200"
"https://www.modelhomeinc.com/store/Style-Elderwood-Color-Sandbank-Oak-p673580449","200","","","Preserve active store; no redirect approved","Store is outside this sprint; GSC, analytics, backlinks and catalog exports unavailable","Public response 200"
"https://www.modelhomeinc.com/store/Style-Antique-Craft-Color-Kindling-Oak-p673592061","200","","","Preserve active store; no redirect approved","Store is outside this sprint; GSC, analytics, backlinks and catalog exports unavailable","Public response 200"
"https://www.modelhomeinc.com/store/Style-Lenox-Park-Color-Espresso-Bark-Oak-p673580446","200","","","Preserve active store; no redirect approved","Store is outside this sprint; GSC, analytics, backlinks and catalog exports unavailable","Public response 200"
"https://www.modelhomeinc.com/store/Style-Antique-Craft-Color-Soft-Chamois-Oak-p673583410","200","","","Preserve active store; no redirect approved","Store is outside this sprint; GSC, analytics, backlinks and catalog exports unavailable","Public response 200"
"https://www.modelhomeinc.com/store/Style-Hampton-Villa-Color-Sunshower-Oak-p673584834","200","","","Preserve active store; no redirect approved","Store is outside this sprint; GSC, analytics, backlinks and catalog exports unavailable","Public response 200"
"https://www.modelhomeinc.com/store/Style-Lenox-Park-Color-Wicker-Oak-p673592021","200","","","Preserve active store; no redirect approved","Store is outside this sprint; GSC, analytics, backlinks and catalog exports unavailable","Public response 200"
"https://www.modelhomeinc.com/store/Style-Castlebriar-Color-Lunar-Oak-p673583367","200","","","Preserve active store; no redirect approved","Store is outside this sprint; GSC, analytics, backlinks and catalog exports unavailable","Public response 200"
"https://www.modelhomeinc.com/store/Style-Hartwick-Color-Urban-Mist-Maple-p673592020","200","","","Preserve active store; no redirect approved","Store is outside this sprint; GSC, analytics, backlinks and catalog exports unavailable","Public response 200"
"https://www.modelhomeinc.com/store/Style-Bellente-Color-Vintage-Villa-Oak-p673584814","200","","","Preserve active store; no redirect approved","Store is outside this sprint; GSC, analytics, backlinks and catalog exports unavailable","Public response 200"
"https://www.modelhomeinc.com/store/Style-Bellente-Color-Stonefire-Oak-p673584811","200","","","Preserve active store; no redirect approved","Store is outside this sprint; GSC, analytics, backlinks and catalog exports unavailable","Public response 200"
"https://www.modelhomeinc.com/store/Style-Adler-Creek-Color-Stones-Throw-Oak-p673592018","200","","","Preserve active store; no redirect approved","Store is outside this sprint; GSC, analytics, backlinks and catalog exports unavailable","Public response 200"
"https://www.modelhomeinc.com/store/Style-Elderwood-Color-Bungalow-Oak-p673580402","200","","","Preserve active store; no redirect approved","Store is outside this sprint; GSC, analytics, backlinks and catalog exports unavailable","Public response 200"
"https://www.modelhomeinc.com/store/Style-Antique-Craft-Color-Cotton-Knit-Oak-p673584798","200","","","Preserve active store; no redirect approved","Store is outside this sprint; GSC, analytics, backlinks and catalog exports unavailable","Public response 200"
"https://www.modelhomeinc.com/store/Style-Palm-City-Color-Adobe-Oak-p673583360","200","","","Preserve active store; no redirect approved","Store is outside this sprint; GSC, analytics, backlinks and catalog exports unavailable","Public response 200"
"https://www.modelhomeinc.com/store/Style-Morena-Bluffs-Color-Fresh-Spring-Pecan-p673583359","200","","","Preserve active store; no redirect approved","Store is outside this sprint; GSC, analytics, backlinks and catalog exports unavailable","Public response 200"
"https://www.modelhomeinc.com/store/Style-Morena-Bluffs-Color-Sunbathed-Pecan-p673580378","200","","","Preserve active store; no redirect approved","Store is outside this sprint; GSC, analytics, backlinks and catalog exports unavailable","Public response 200"
"https://www.modelhomeinc.com/store/Style-Morena-Bluffs-Color-Cattail-Pecan-p673584786","200","","","Preserve active store; no redirect approved","Store is outside this sprint; GSC, analytics, backlinks and catalog exports unavailable","Public response 200"
"https://www.modelhomeinc.com/store/Style-Morena-Bluffs-Color-Cliffside-Pecan-p673583312","200","","","Preserve active store; no redirect approved","Store is outside this sprint; GSC, analytics, backlinks and catalog exports unavailable","Public response 200"
"https://www.modelhomeinc.com/store/Style-Palm-City-Color-Balboa-Oak-p673583303","200","","","Preserve active store; no redirect approved","Store is outside this sprint; GSC, analytics, backlinks and catalog exports unavailable","Public response 200"
"https://www.modelhomeinc.com/store/Style-Palm-City-Color-Adirondack-Brown-Oak-p673584765","200","","","Preserve active store; no redirect approved","Store is outside this sprint; GSC, analytics, backlinks and catalog exports unavailable","Public response 200"
"https://www.modelhomeinc.com/store/Style-Miramar-Shores-Color-Coconut-Oak-p673558920","200","","","Preserve active store; no redirect approved","Store is outside this sprint; GSC, analytics, backlinks and catalog exports unavailable","Public response 200"
"https://www.modelhomeinc.com/store/Style-Miramar-Shores-Color-Sea-Otter-Oak-p673551425","200","","","Preserve active store; no redirect approved","Store is outside this sprint; GSC, analytics, backlinks and catalog exports unavailable","Public response 200"
"https://www.modelhomeinc.com/store/Style-Ivey-Gates-Color-Natural-Bark-Oak-p673551408","200","","","Preserve active store; no redirect approved","Store is outside this sprint; GSC, analytics, backlinks and catalog exports unavailable","Public response 200"
"https://www.modelhomeinc.com/store/Style-Eden-Springs-Color-Stallion-Hickory-p673556156","200","","","Preserve active store; no redirect approved","Store is outside this sprint; GSC, analytics, backlinks and catalog exports unavailable","Public response 200"
"https://www.modelhomeinc.com/store/Style-Eden-Springs-Color-Clydesdale-Hickory-p673556122","200","","","Preserve active store; no redirect approved","Store is outside this sprint; GSC, analytics, backlinks and catalog exports unavailable","Public response 200"
"https://www.modelhomeinc.com/store/Style-Eden-Springs-Color-Stallion-Hickory-p673551361","200","","","Preserve active store; no redirect approved","Store is outside this sprint; GSC, analytics, backlinks and catalog exports unavailable","Public response 200"
"https://www.modelhomeinc.com/store/Style-Eden-Springs-Color-Criollo-Hickory-p673556077","200","","","Preserve active store; no redirect approved","Store is outside this sprint; GSC, analytics, backlinks and catalog exports unavailable","Public response 200"
"https://www.modelhomeinc.com/store/Style-Eden-Springs-Color-Pegasus-Hickory-p673556058","200","","","Preserve active store; no redirect approved","Store is outside this sprint; GSC, analytics, backlinks and catalog exports unavailable","Public response 200"
"https://www.modelhomeinc.com/store/Style-Miramar-Shores-Color-Palm-Tree-Oak-p673551333","200","","","Preserve active store; no redirect approved","Store is outside this sprint; GSC, analytics, backlinks and catalog exports unavailable","Public response 200"
"https://www.modelhomeinc.com/store/Style-Miramar-Shores-Color-Island-Sand-Oak-p673556032","200","","","Preserve active store; no redirect approved","Store is outside this sprint; GSC, analytics, backlinks and catalog exports unavailable","Public response 200"
"https://www.modelhomeinc.com/store/Style-Palm-City-Color-Lighthouse-Oak-p673551309","200","","","Preserve active store; no redirect approved","Store is outside this sprint; GSC, analytics, backlinks and catalog exports unavailable","Public response 200"
"https://www.modelhomeinc.com/store/Style-Palm-City-Color-Golden-Sand-Oak-p673551308","200","","","Preserve active store; no redirect approved","Store is outside this sprint; GSC, analytics, backlinks and catalog exports unavailable","Public response 200"
"https://www.modelhomeinc.com/store/Euro-Oak-Trinidad-p671265589","200","","","Preserve active store; no redirect approved","Store is outside this sprint; GSC, analytics, backlinks and catalog exports unavailable","Public response 200"
"https://www.modelhomeinc.com/store/Euro-Oak-Tortola-p671265117","200","","","Preserve active store; no redirect approved","Store is outside this sprint; GSC, analytics, backlinks and catalog exports unavailable","Public response 200"
"https://www.modelhomeinc.com/store/Euro-Oak-Nevis-p671265588","200","","","Preserve active store; no redirect approved","Store is outside this sprint; GSC, analytics, backlinks and catalog exports unavailable","Public response 200"
"https://www.modelhomeinc.com/store/Euro-Oak-Curacao-p671265377","200","","","Preserve active store; no redirect approved","Store is outside this sprint; GSC, analytics, backlinks and catalog exports unavailable","Public response 200"
"https://www.modelhomeinc.com/store/Euro-Oak-Cayman-p671265587","200","","","Preserve active store; no redirect approved","Store is outside this sprint; GSC, analytics, backlinks and catalog exports unavailable","Public response 200"
"https://www.modelhomeinc.com/store/Euro-Oak-Aruba-p671265586","200","","","Preserve active store; no redirect approved","Store is outside this sprint; GSC, analytics, backlinks and catalog exports unavailable","Public response 200"
"https://www.modelhomeinc.com/store/Euro-Oak-Galahad-p670561005","200","","","Preserve active store; no redirect approved","Store is outside this sprint; GSC, analytics, backlinks and catalog exports unavailable","Public response 200"
"https://www.modelhomeinc.com/store/Bradfield-p670442834","200","","","Preserve active store; no redirect approved","Store is outside this sprint; GSC, analytics, backlinks and catalog exports unavailable","Public response 200"
"https://www.modelhomeinc.com/store/Montrichard-Domaine-Herringbone-p670355738","200","","","Preserve active store; no redirect approved","Store is outside this sprint; GSC, analytics, backlinks and catalog exports unavailable","Public response 200"
"https://www.modelhomeinc.com/store/Style-Rare-Vintage-Color-Cedar-Chestnut-p669645375","200","","","Preserve active store; no redirect approved","Store is outside this sprint; GSC, analytics, backlinks and catalog exports unavailable","Public response 200"
"https://www.modelhomeinc.com/store/Style-Boardwalk-Collective-Color-Sail-Cloth-p669638688","200","","","Preserve active store; no redirect approved","Store is outside this sprint; GSC, analytics, backlinks and catalog exports unavailable","Public response 200"
"https://www.modelhomeinc.com/store/Style-Elderwood-Color-Asher-Gray-Oak-p669646130","200","","","Preserve active store; no redirect approved","Store is outside this sprint; GSC, analytics, backlinks and catalog exports unavailable","Public response 200"
"https://www.modelhomeinc.com/store/Style-Crest-Haven-Color-Briarwood-Oak-p669645373","200","","","Preserve active store; no redirect approved","Store is outside this sprint; GSC, analytics, backlinks and catalog exports unavailable","Public response 200"
"https://www.modelhomeinc.com/store/Style-Cypresta-Color-White-Satin-Oak-p669646120","200","","","Preserve active store; no redirect approved","Store is outside this sprint; GSC, analytics, backlinks and catalog exports unavailable","Public response 200"
"https://www.modelhomeinc.com/store/Style-Bellente-Color-Vintage-Villa-Oak-p669645361","200","","","Preserve active store; no redirect approved","Store is outside this sprint; GSC, analytics, backlinks and catalog exports unavailable","Public response 200"
"https://www.modelhomeinc.com/store/Style-Castlebriar-Color-Cavalry-Oak-p669638662","200","","","Preserve active store; no redirect approved","Store is outside this sprint; GSC, analytics, backlinks and catalog exports unavailable","Public response 200"
"https://www.modelhomeinc.com/store/Style-Antique-Craft-Color-Espresso-Bark-Oak-p669645323","200","","","Preserve active store; no redirect approved","Store is outside this sprint; GSC, analytics, backlinks and catalog exports unavailable","Public response 200"
"https://www.modelhomeinc.com/store/Style-Western-Row-Color-Red-Clay-Oak-p669638643","200","","","Preserve active store; no redirect approved","Store is outside this sprint; GSC, analytics, backlinks and catalog exports unavailable","Public response 200"
"https://www.modelhomeinc.com/store/Style-Sterlington-Color-Smooth-Amber-Oak-p669646058","200","","","Preserve active store; no redirect approved","Store is outside this sprint; GSC, analytics, backlinks and catalog exports unavailable","Public response 200"
"https://www.modelhomeinc.com/store/Style-Adler-Creek-Color-Malted-Oak-p669645322","200","","","Preserve active store; no redirect approved","Store is outside this sprint; GSC, analytics, backlinks and catalog exports unavailable","Public response 200"
"https://www.modelhomeinc.com/store/Style-Casita-Terrace-Color-Nimbus-Oak-p669645321","200","","","Preserve active store; no redirect approved","Store is outside this sprint; GSC, analytics, backlinks and catalog exports unavailable","Public response 200"
"https://www.modelhomeinc.com/store/Style-Ivey-Gates-Color-Nantucket-Beige-Oak-p669645320","200","","","Preserve active store; no redirect approved","Store is outside this sprint; GSC, analytics, backlinks and catalog exports unavailable","Public response 200"
"https://www.modelhomeinc.com/store/Style-Revwood-Premier-Color-Miramar-Shores-p669638620","200","","","Preserve active store; no redirect approved","Store is outside this sprint; GSC, analytics, backlinks and catalog exports unavailable","Public response 200"
"https://www.modelhomeinc.com/store/Style-Revwood-Premier-Color-Palm-City-p669645285","200","","","Preserve active store; no redirect approved","Store is outside this sprint; GSC, analytics, backlinks and catalog exports unavailable","Public response 200"
"https://www.modelhomeinc.com/store/Style-Revwood-Premier-Color-Morena-Bluffs-p669646019","200","","","Preserve active store; no redirect approved","Store is outside this sprint; GSC, analytics, backlinks and catalog exports unavailable","Public response 200"
"https://www.modelhomeinc.com/store/Sample-Product-p641660164","200","","","Preserve active store; no redirect approved","Store is outside this sprint; GSC, analytics, backlinks and catalog exports unavailable","Public response 200"
"https://www.modelhomeinc.com/store/Forest-Brown-Oak-p632676442","200","","","Preserve active store; no redirect approved","Store is outside this sprint; GSC, analytics, backlinks and catalog exports unavailable","Public response 200"
"https://www.modelhomeinc.com/store/Mountain-Ridge-Oak-p632676441","200","","","Preserve active store; no redirect approved","Store is outside this sprint; GSC, analytics, backlinks and catalog exports unavailable","Public response 200"
"https://www.modelhomeinc.com/store/Nature-Walk-Oak-p632676440","200","","","Preserve active store; no redirect approved","Store is outside this sprint; GSC, analytics, backlinks and catalog exports unavailable","Public response 200"
"https://www.modelhomeinc.com/store/Wheat-Field-Oak-p632699060","200","","","Preserve active store; no redirect approved","Store is outside this sprint; GSC, analytics, backlinks and catalog exports unavailable","Public response 200"
"https://www.modelhomeinc.com/store/Fallen-Leaf-Oak-p632699057","200","","","Preserve active store; no redirect approved","Store is outside this sprint; GSC, analytics, backlinks and catalog exports unavailable","Public response 200"
"https://www.modelhomeinc.com/store/Dusty-Trail-Oak-p632677965","200","","","Preserve active store; no redirect approved","Store is outside this sprint; GSC, analytics, backlinks and catalog exports unavailable","Public response 200"
"https://www.modelhomeinc.com/store/Maple-Sapling-p632677964","200","","","Preserve active store; no redirect approved","Store is outside this sprint; GSC, analytics, backlinks and catalog exports unavailable","Public response 200"
"https://www.modelhomeinc.com/store/Sand-Chestnut-p632699027","200","","","Preserve active store; no redirect approved","Store is outside this sprint; GSC, analytics, backlinks and catalog exports unavailable","Public response 200"
"https://www.modelhomeinc.com/store/Russet-Oak-p624373138","200","","","Preserve active store; no redirect approved","Store is outside this sprint; GSC, analytics, backlinks and catalog exports unavailable","Public response 200"
"https://www.modelhomeinc.com/store/Rocky-River-Oak-p624385626","200","","","Preserve active store; no redirect approved","Store is outside this sprint; GSC, analytics, backlinks and catalog exports unavailable","Public response 200"
"https://www.modelhomeinc.com/store/Requisite-Oak-p624379129","200","","","Preserve active store; no redirect approved","Store is outside this sprint; GSC, analytics, backlinks and catalog exports unavailable","Public response 200"
"https://www.modelhomeinc.com/store/Fawn-Oak-Natural-p624373137","200","","","Preserve active store; no redirect approved","Store is outside this sprint; GSC, analytics, backlinks and catalog exports unavailable","Public response 200"
"https://www.modelhomeinc.com/store/Atoll-Oak-p624361395","200","","","Preserve active store; no redirect approved","Store is outside this sprint; GSC, analytics, backlinks and catalog exports unavailable","Public response 200"
"https://www.modelhomeinc.com/store/Woodland-Oak-p624371644","200","","","Preserve active store; no redirect approved","Store is outside this sprint; GSC, analytics, backlinks and catalog exports unavailable","Public response 200"
"https://www.modelhomeinc.com/store/Helen-Oak-p624361393","200","","","Preserve active store; no redirect approved","Store is outside this sprint; GSC, analytics, backlinks and catalog exports unavailable","Public response 200"
"https://www.modelhomeinc.com/store/Gable-Oak-p624359711","200","","","Preserve active store; no redirect approved","Store is outside this sprint; GSC, analytics, backlinks and catalog exports unavailable","Public response 200"
"https://www.modelhomeinc.com/store/Dutch-Oak-p624371643","200","","","Preserve active store; no redirect approved","Store is outside this sprint; GSC, analytics, backlinks and catalog exports unavailable","Public response 200"
"https://www.modelhomeinc.com/store/Snyder-Oak-p624385625","200","","","Preserve active store; no redirect approved","Store is outside this sprint; GSC, analytics, backlinks and catalog exports unavailable","Public response 200"
"https://www.modelhomeinc.com/store/Campfire-Oak-p624359953","200","","","Preserve active store; no redirect approved","Store is outside this sprint; GSC, analytics, backlinks and catalog exports unavailable","Public response 200"
"https://www.modelhomeinc.com/store/Barrel-Oak-p624381685","200","","","Preserve active store; no redirect approved","Store is outside this sprint; GSC, analytics, backlinks and catalog exports unavailable","Public response 200"
"https://www.modelhomeinc.com/store/Austen-Oak-p624385624","200","","","Preserve active store; no redirect approved","Store is outside this sprint; GSC, analytics, backlinks and catalog exports unavailable","Public response 200"
"https://www.modelhomeinc.com/store/Whistler-Oak-p624373134","200","","","Preserve active store; no redirect approved","Store is outside this sprint; GSC, analytics, backlinks and catalog exports unavailable","Public response 200"
"https://www.modelhomeinc.com/store/Westend-Apple-p624373133","200","","","Preserve active store; no redirect approved","Store is outside this sprint; GSC, analytics, backlinks and catalog exports unavailable","Public response 200"
"https://www.modelhomeinc.com/store/Vailmont-Chestnut-p624385621","200","","","Preserve active store; no redirect approved","Store is outside this sprint; GSC, analytics, backlinks and catalog exports unavailable","Public response 200"
"https://www.modelhomeinc.com/store/Toasted-Chestnut-p624379128","200","","","Preserve active store; no redirect approved","Store is outside this sprint; GSC, analytics, backlinks and catalog exports unavailable","Public response 200"
"https://www.modelhomeinc.com/store/Restoration-Oak-p624359950","200","","","Preserve active store; no redirect approved","Store is outside this sprint; GSC, analytics, backlinks and catalog exports unavailable","Public response 200"
"https://www.modelhomeinc.com/store/Pretoria-Elm-p624379126","200","","","Preserve active store; no redirect approved","Store is outside this sprint; GSC, analytics, backlinks and catalog exports unavailable","Public response 200"
"https://www.modelhomeinc.com/store/Laredo-Hickory-p624373132","200","","","Preserve active store; no redirect approved","Store is outside this sprint; GSC, analytics, backlinks and catalog exports unavailable","Public response 200"
"https://www.modelhomeinc.com/store/Laguna-Acacia-p624373130","200","","","Preserve active store; no redirect approved","Store is outside this sprint; GSC, analytics, backlinks and catalog exports unavailable","Public response 200"
"https://www.modelhomeinc.com/store/Harrison-Hickory-p624359709","200","","","Preserve active store; no redirect approved","Store is outside this sprint; GSC, analytics, backlinks and catalog exports unavailable","Public response 200"
"https://www.modelhomeinc.com/store/Glenwood-Oak-p624379125","200","","","Preserve active store; no redirect approved","Store is outside this sprint; GSC, analytics, backlinks and catalog exports unavailable","Public response 200"
"https://www.modelhomeinc.com/store/Foxcroft-Oak-p624379124","200","","","Preserve active store; no redirect approved","Store is outside this sprint; GSC, analytics, backlinks and catalog exports unavailable","Public response 200"
"https://www.modelhomeinc.com/store/Concord-Maple-p624361392","200","","","Preserve active store; no redirect approved","Store is outside this sprint; GSC, analytics, backlinks and catalog exports unavailable","Public response 200"
"https://www.modelhomeinc.com/store/Casin-Bay-Pine-p624373128","200","","","Preserve active store; no redirect approved","Store is outside this sprint; GSC, analytics, backlinks and catalog exports unavailable","Public response 200"
"https://www.modelhomeinc.com/store/Brookside-Oak-p624385618","200","","","Preserve active store; no redirect approved","Store is outside this sprint; GSC, analytics, backlinks and catalog exports unavailable","Public response 200"
"https://www.modelhomeinc.com/store/Aged-Hickory-p624373126","200","","","Preserve active store; no redirect approved","Store is outside this sprint; GSC, analytics, backlinks and catalog exports unavailable","Public response 200"
"https://www.modelhomeinc.com/store/Trident-Maple-p624379122","200","","","Preserve active store; no redirect approved","Store is outside this sprint; GSC, analytics, backlinks and catalog exports unavailable","Public response 200"
"https://www.modelhomeinc.com/store/Sugar-Maple-p624373125","200","","","Preserve active store; no redirect approved","Store is outside this sprint; GSC, analytics, backlinks and catalog exports unavailable","Public response 200"
"https://www.modelhomeinc.com/store/Renaissance-p624371641","200","","","Preserve active store; no redirect approved","Store is outside this sprint; GSC, analytics, backlinks and catalog exports unavailable","Public response 200"
"https://www.modelhomeinc.com/store/Ash-Maple-p624359949","200","","","Preserve active store; no redirect approved","Store is outside this sprint; GSC, analytics, backlinks and catalog exports unavailable","Public response 200"
"https://www.modelhomeinc.com/store/White-Wash-Oak-p624361391","200","","","Preserve active store; no redirect approved","Store is outside this sprint; GSC, analytics, backlinks and catalog exports unavailable","Public response 200"
"https://www.modelhomeinc.com/store/Old-Town-Oak-p624379121","200","","","Preserve active store; no redirect approved","Store is outside this sprint; GSC, analytics, backlinks and catalog exports unavailable","Public response 200"
"https://www.modelhomeinc.com/store/Mocha-Oak-p624359708","200","","","Preserve active store; no redirect approved","Store is outside this sprint; GSC, analytics, backlinks and catalog exports unavailable","Public response 200"
"https://www.modelhomeinc.com/store/Malted-Tawny-Oak-p624379120","200","","","Preserve active store; no redirect approved","Store is outside this sprint; GSC, analytics, backlinks and catalog exports unavailable","Public response 200"
"https://www.modelhomeinc.com/store/Jefferson-Oak-p624371640","200","","","Preserve active store; no redirect approved","Store is outside this sprint; GSC, analytics, backlinks and catalog exports unavailable","Public response 200"
"https://www.modelhomeinc.com/store/Heathered-Oak-p624371639","200","","","Preserve active store; no redirect approved","Store is outside this sprint; GSC, analytics, backlinks and catalog exports unavailable","Public response 200"
"https://www.modelhomeinc.com/store/Hamilton-Oak-p624359707","200","","","Preserve active store; no redirect approved","Store is outside this sprint; GSC, analytics, backlinks and catalog exports unavailable","Public response 200"
"https://www.modelhomeinc.com/store/Flint-Oak-p624359706","200","","","Preserve active store; no redirect approved","Store is outside this sprint; GSC, analytics, backlinks and catalog exports unavailable","Public response 200"
"https://www.modelhomeinc.com/store/Tipton-Oak-p624359948","200","","","Preserve active store; no redirect approved","Store is outside this sprint; GSC, analytics, backlinks and catalog exports unavailable","Public response 200"
"https://www.modelhomeinc.com/store/Madison-Oak-p624359947","200","","","Preserve active store; no redirect approved","Store is outside this sprint; GSC, analytics, backlinks and catalog exports unavailable","Public response 200"
"https://www.modelhomeinc.com/store/Hardin-Oak-p624359946","200","","","Preserve active store; no redirect approved","Store is outside this sprint; GSC, analytics, backlinks and catalog exports unavailable","Public response 200"
"https://www.modelhomeinc.com/store/Franklin-Oak-p624381681","200","","","Preserve active store; no redirect approved","Store is outside this sprint; GSC, analytics, backlinks and catalog exports unavailable","Public response 200"
"https://www.modelhomeinc.com/store/Bedford-Oak-p624359945","200","","","Preserve active store; no redirect approved","Store is outside this sprint; GSC, analytics, backlinks and catalog exports unavailable","Public response 200"
"https://www.modelhomeinc.com/store/Wheat-Oak-p624385617","200","","","Preserve active store; no redirect approved","Store is outside this sprint; GSC, analytics, backlinks and catalog exports unavailable","Public response 200"
"https://www.modelhomeinc.com/store/Summit-Oak-p624373124","200","","","Preserve active store; no redirect approved","Store is outside this sprint; GSC, analytics, backlinks and catalog exports unavailable","Public response 200"
"https://www.modelhomeinc.com/store/Lander-Oak-p624361390","200","","","Preserve active store; no redirect approved","Store is outside this sprint; GSC, analytics, backlinks and catalog exports unavailable","Public response 200"
"https://www.modelhomeinc.com/store/Buttertoast-Oak-p624381680","200","","","Preserve active store; no redirect approved","Store is outside this sprint; GSC, analytics, backlinks and catalog exports unavailable","Public response 200"
"https://www.modelhomeinc.com/store/Basalt-Oak-p624361389","200","","","Preserve active store; no redirect approved","Store is outside this sprint; GSC, analytics, backlinks and catalog exports unavailable","Public response 200"
"https://www.modelhomeinc.com/store/Alpine-Oak-p624385616","200","","","Preserve active store; no redirect approved","Store is outside this sprint; GSC, analytics, backlinks and catalog exports unavailable","Public response 200"
"https://www.modelhomeinc.com/store/Tapioca-Oak-p624379119","200","","","Preserve active store; no redirect approved","Store is outside this sprint; GSC, analytics, backlinks and catalog exports unavailable","Public response 200"
"https://www.modelhomeinc.com/store/Tannin-Oak-p624381679","200","","","Preserve active store; no redirect approved","Store is outside this sprint; GSC, analytics, backlinks and catalog exports unavailable","Public response 200"
"https://www.modelhomeinc.com/store/Hutia-Oak-p624381678","200","","","Preserve active store; no redirect approved","Store is outside this sprint; GSC, analytics, backlinks and catalog exports unavailable","Public response 200"
"https://www.modelhomeinc.com/store/Grizzly-Oak-p624359944","200","","","Preserve active store; no redirect approved","Store is outside this sprint; GSC, analytics, backlinks and catalog exports unavailable","Public response 200"
"https://www.modelhomeinc.com/store/Burrow-Oak-p624385615","200","","","Preserve active store; no redirect approved","Store is outside this sprint; GSC, analytics, backlinks and catalog exports unavailable","Public response 200"
"https://www.modelhomeinc.com/store/Willow-Oak-p624359943","200","","","Preserve active store; no redirect approved","Store is outside this sprint; GSC, analytics, backlinks and catalog exports unavailable","Public response 200"
"https://www.modelhomeinc.com/store/Sweet-Cream-Oak-p624379118","200","","","Preserve active store; no redirect approved","Store is outside this sprint; GSC, analytics, backlinks and catalog exports unavailable","Public response 200"
"https://www.modelhomeinc.com/store/Pinnate-Oak-p624359704","200","","","Preserve active store; no redirect approved","Store is outside this sprint; GSC, analytics, backlinks and catalog exports unavailable","Public response 200"
"https://www.modelhomeinc.com/store/Natural-Oak-p624373114","200","","","Preserve active store; no redirect approved","Store is outside this sprint; GSC, analytics, backlinks and catalog exports unavailable","Public response 200"
"https://www.modelhomeinc.com/store/Chestnut-Oak-p624359703","200","","","Preserve active store; no redirect approved","Store is outside this sprint; GSC, analytics, backlinks and catalog exports unavailable","Public response 200"
"https://www.modelhomeinc.com/store/Alba-Oak-p624379117","200","","","Preserve active store; no redirect approved","Store is outside this sprint; GSC, analytics, backlinks and catalog exports unavailable","Public response 200"
"https://www.modelhomeinc.com/store/Siltstone-Oak-p624361387","200","","","Preserve active store; no redirect approved","Store is outside this sprint; GSC, analytics, backlinks and catalog exports unavailable","Public response 200"
"https://www.modelhomeinc.com/store/Roseburg-Oak-p624385614","200","","","Preserve active store; no redirect approved","Store is outside this sprint; GSC, analytics, backlinks and catalog exports unavailable","Public response 200"
"https://www.modelhomeinc.com/store/Rain-Forest-Oak-p624359942","200","","","Preserve active store; no redirect approved","Store is outside this sprint; GSC, analytics, backlinks and catalog exports unavailable","Public response 200"
"https://www.modelhomeinc.com/store/Providence-Oak-p624359941","200","","","Preserve active store; no redirect approved","Store is outside this sprint; GSC, analytics, backlinks and catalog exports unavailable","Public response 200"
"https://www.modelhomeinc.com/store/Pelzer-Oak-p624381675","200","","","Preserve active store; no redirect approved","Store is outside this sprint; GSC, analytics, backlinks and catalog exports unavailable","Public response 200"
"https://www.modelhomeinc.com/store/Grain-Oak-p624371635","200","","","Preserve active store; no redirect approved","Store is outside this sprint; GSC, analytics, backlinks and catalog exports unavailable","Public response 200"
"https://www.modelhomeinc.com/store/Garner-Oak-p624373105","200","","","Preserve active store; no redirect approved","Store is outside this sprint; GSC, analytics, backlinks and catalog exports unavailable","Public response 200"
"https://www.modelhomeinc.com/store/Dried-Clay-Oak-p624359702","200","","","Preserve active store; no redirect approved","Store is outside this sprint; GSC, analytics, backlinks and catalog exports unavailable","Public response 200"
"https://www.modelhomeinc.com/store/Denali-Oak-p624379115","200","","","Preserve active store; no redirect approved","Store is outside this sprint; GSC, analytics, backlinks and catalog exports unavailable","Public response 200"
"https://www.modelhomeinc.com/store/Barrington-Oak-p624385601","200","","","Preserve active store; no redirect approved","Store is outside this sprint; GSC, analytics, backlinks and catalog exports unavailable","Public response 200"
"https://www.modelhomeinc.com/store/Gustave-p624373103","200","","","Preserve active store; no redirect approved","Store is outside this sprint; GSC, analytics, backlinks and catalog exports unavailable","Public response 200"
"https://www.modelhomeinc.com/store/Dominique-p624359920","200","","","Preserve active store; no redirect approved","Store is outside this sprint; GSC, analytics, backlinks and catalog exports unavailable","Public response 200"
"https://www.modelhomeinc.com/store/Style-Boardwalk-Collective-Color-Silver-Shadow-p624381642","200","","","Preserve active store; no redirect approved","Store is outside this sprint; GSC, analytics, backlinks and catalog exports unavailable","Public response 200"
"https://www.modelhomeinc.com/store/Style-Boardwalk-Collective-Color-Beachwood-p624385581","200","","","Preserve active store; no redirect approved","Store is outside this sprint; GSC, analytics, backlinks and catalog exports unavailable","Public response 200"
"https://www.modelhomeinc.com/store/Style-Boardwalk-Collective-Color-Wicker-p624385580","200","","","Preserve active store; no redirect approved","Store is outside this sprint; GSC, analytics, backlinks and catalog exports unavailable","Public response 200"
"https://www.modelhomeinc.com/store/Style-Boardwalk-Collective-Color-Outerbanks-p624359908","200","","","Preserve active store; no redirect approved","Store is outside this sprint; GSC, analytics, backlinks and catalog exports unavailable","Public response 200"
"https://www.modelhomeinc.com/store/Style-Boardwalk-Collective-Color-Sail-Cloth-p624373082","200","","","Preserve active store; no redirect approved","Store is outside this sprint; GSC, analytics, backlinks and catalog exports unavailable","Public response 200"
"https://www.modelhomeinc.com/store/Style-Boardwalk-Collective-Color-Graphite-p624359658","200","","","Preserve active store; no redirect approved","Store is outside this sprint; GSC, analytics, backlinks and catalog exports unavailable","Public response 200"
"https://www.modelhomeinc.com/store/Style-Boardwalk-Collective-Color-Boathouse-Brown-p624371609","200","","","Preserve active store; no redirect approved","Store is outside this sprint; GSC, analytics, backlinks and catalog exports unavailable","Public response 200"
"https://www.modelhomeinc.com/store/Style-Granbury-Oak-Color-Wickham-Gray-Oak-p624379097","200","","","Preserve active store; no redirect approved","Store is outside this sprint; GSC, analytics, backlinks and catalog exports unavailable","Public response 200"
"https://www.modelhomeinc.com/store/Style-Granbury-Oak-Color-Light-Truffle-Oak-p624379096","200","","","Preserve active store; no redirect approved","Store is outside this sprint; GSC, analytics, backlinks and catalog exports unavailable","Public response 200"
"https://www.modelhomeinc.com/store/Style-Briarfield-Color-Artifact-Oak-p624361366","200","","","Preserve active store; no redirect approved","Store is outside this sprint; GSC, analytics, backlinks and catalog exports unavailable","Public response 200"
"https://www.modelhomeinc.com/store/Style-Boardwalk-Collective-Color-Bleached-Linen-p624359655","200","","","Preserve active store; no redirect approved","Store is outside this sprint; GSC, analytics, backlinks and catalog exports unavailable","Public response 200"
"https://www.modelhomeinc.com/store/Style-Boardwalk-Collective-Color-Gulf-Sand-p624385577","200","","","Preserve active store; no redirect approved","Store is outside this sprint; GSC, analytics, backlinks and catalog exports unavailable","Public response 200"
"https://www.modelhomeinc.com/store/Style-Boardwalk-Collective-Color-Sand-Dune-p624371608","200","","","Preserve active store; no redirect approved","Store is outside this sprint; GSC, analytics, backlinks and catalog exports unavailable","Public response 200"
"https://www.modelhomeinc.com/store/Style-Granbury-Oak-Color-Acadia-Oak-p624379095","200","","","Preserve active store; no redirect approved","Store is outside this sprint; GSC, analytics, backlinks and catalog exports unavailable","Public response 200"
"https://www.modelhomeinc.com/store/Style-Granbury-Oak-Color-Almondine-Oak-p624385576","200","","","Preserve active store; no redirect approved","Store is outside this sprint; GSC, analytics, backlinks and catalog exports unavailable","Public response 200"
"https://www.modelhomeinc.com/store/Sunshower-Oak-p624371607","200","","","Preserve active store; no redirect approved","Store is outside this sprint; GSC, analytics, backlinks and catalog exports unavailable","Public response 200"
"https://www.modelhomeinc.com/store/Style-Castlebriar-Color-Lunar-Oak-p624373078","200","","","Preserve active store; no redirect approved","Store is outside this sprint; GSC, analytics, backlinks and catalog exports unavailable","Public response 200"
"https://www.modelhomeinc.com/store/Anchor-Oak-p624359653","200","","","Preserve active store; no redirect approved","Store is outside this sprint; GSC, analytics, backlinks and catalog exports unavailable","Public response 200"
"https://www.modelhomeinc.com/store/Cloudy-Oak-p624381634","200","","","Preserve active store; no redirect approved","Store is outside this sprint; GSC, analytics, backlinks and catalog exports unavailable","Public response 200"
"https://www.modelhomeinc.com/store/Sierra-Sand-Oak-p624379093","200","","","Preserve active store; no redirect approved","Store is outside this sprint; GSC, analytics, backlinks and catalog exports unavailable","Public response 200"
"https://www.modelhomeinc.com/store/Dockside-Oak-p624359652","200","","","Preserve active store; no redirect approved","Store is outside this sprint; GSC, analytics, backlinks and catalog exports unavailable","Public response 200"
"https://www.modelhomeinc.com/store/Sunbleached-Oak-p624361363","200","","","Preserve active store; no redirect approved","Store is outside this sprint; GSC, analytics, backlinks and catalog exports unavailable","Public response 200"
"https://www.modelhomeinc.com/store/Tulip-Shell-Oak-p624379092","200","","","Preserve active store; no redirect approved","Store is outside this sprint; GSC, analytics, backlinks and catalog exports unavailable","Public response 200"
"https://www.modelhomeinc.com/store/Golden-Hour-Oak-p624373075","200","","","Preserve active store; no redirect approved","Store is outside this sprint; GSC, analytics, backlinks and catalog exports unavailable","Public response 200"
"https://www.modelhomeinc.com/store/Style-Lenox-Park-Color-Country-Road-Oak-p624359651","200","","","Preserve active store; no redirect approved","Store is outside this sprint; GSC, analytics, backlinks and catalog exports unavailable","Public response 200"
"https://www.modelhomeinc.com/store/Style-Castlebriar-Color-Trinket-Oak-p624361361","200","","","Preserve active store; no redirect approved","Store is outside this sprint; GSC, analytics, backlinks and catalog exports unavailable","Public response 200"
"https://www.modelhomeinc.com/store/Style-Castlebriar-Color-Cavalry-Oak-p624373074","200","","","Preserve active store; no redirect approved","Store is outside this sprint; GSC, analytics, backlinks and catalog exports unavailable","Public response 200"
"https://www.modelhomeinc.com/store/Style-Castlebriar-Color-Sand-Pearl-Oak-p624381632","200","","","Preserve active store; no redirect approved","Store is outside this sprint; GSC, analytics, backlinks and catalog exports unavailable","Public response 200"
"https://www.modelhomeinc.com/store/Style-Palm-City-Color-Polished-Grey-Oak-p624373072","200","","","Preserve active store; no redirect approved","Store is outside this sprint; GSC, analytics, backlinks and catalog exports unavailable","Public response 200"
"https://www.modelhomeinc.com/store/Style-Palm-City-Color-Tranquil-Fog-Oak-p624359888","200","","","Preserve active store; no redirect approved","Store is outside this sprint; GSC, analytics, backlinks and catalog exports unavailable","Public response 200"
"https://www.modelhomeinc.com/store/Style-Eden-Springs-Color-Clydesdale-Hickory-p624379088","200","","","Preserve active store; no redirect approved","Store is outside this sprint; GSC, analytics, backlinks and catalog exports unavailable","Public response 200"
"https://www.modelhomeinc.com/store/Style-Eden-Springs-Color-Stallion-Hickory-p624359887","200","","","Preserve active store; no redirect approved","Store is outside this sprint; GSC, analytics, backlinks and catalog exports unavailable","Public response 200"
"https://www.modelhomeinc.com/store/Style-Palm-City-Color-Natural-Bark-Oak-p624381613","200","","","Preserve active store; no redirect approved","Store is outside this sprint; GSC, analytics, backlinks and catalog exports unavailable","Public response 200"
"https://www.modelhomeinc.com/store/Style-Palm-City-Color-Adirondack-Brown-Oak-p624361326","200","","","Preserve active store; no redirect approved","Store is outside this sprint; GSC, analytics, backlinks and catalog exports unavailable","Public response 200"
"https://www.modelhomeinc.com/store/Style-Ivey-Gates-Color-Nantucket-Beige-Oak-p624379079","200","","","Preserve active store; no redirect approved","Store is outside this sprint; GSC, analytics, backlinks and catalog exports unavailable","Public response 200"
"https://www.modelhomeinc.com/store/Style-Ivey-Gates-Color-Sailors-Rope-Oak-p624371603","200","","","Preserve active store; no redirect approved","Store is outside this sprint; GSC, analytics, backlinks and catalog exports unavailable","Public response 200"
"https://www.modelhomeinc.com/store/Products-Being-Added-p617687289","200","","","Preserve active store; no redirect approved","Store is outside this sprint; GSC, analytics, backlinks and catalog exports unavailable","Public response 200"
"https://www.modelhomeinc.com/store/Alpine-FXP080-Mannington-p617177504","200","","","Preserve active store; no redirect approved","Store is outside this sprint; GSC, analytics, backlinks and catalog exports unavailable","Public response 200"
"https://www.modelhomeinc.com/store/Eden-47049-Inhaus-p617157580","200","","","Preserve active store; no redirect approved","Store is outside this sprint; GSC, analytics, backlinks and catalog exports unavailable","Public response 200"
"https://www.modelhomeinc.com/store/DANVILLE-47050-Inhaus-p617157578","200","","","Preserve active store; no redirect approved","Store is outside this sprint; GSC, analytics, backlinks and catalog exports unavailable","Public response 200"
"https://www.modelhomeinc.com/store/Incizo-Stair-Base-Profile-84-unlpainc5base3-for-Veriluxe-&amp;-Colossia-p616951744","200","","","Preserve active store; no redirect approved","Store is outside this sprint; GSC, analytics, backlinks and catalog exports unavailable","Public response 200"
"https://www.modelhomeinc.com/store/Acacia-Cabo-K18Y124-LM-Flooring-p617171264","200","","","Preserve active store; no redirect approved","Store is outside this sprint; GSC, analytics, backlinks and catalog exports unavailable","Public response 200"
"https://www.modelhomeinc.com/store/Acorn-APX004-Mannington-p616948945","200","","","Preserve active store; no redirect approved","Store is outside this sprint; GSC, analytics, backlinks and catalog exports unavailable","Public response 200"
"https://www.modelhomeinc.com/store/BAMFORD-47053-Inhaus-p617171262","200","","","Preserve active store; no redirect approved","Store is outside this sprint; GSC, analytics, backlinks and catalog exports unavailable","Public response 200"
"https://www.modelhomeinc.com/store/Bona-R851-Hardwood-Floor-Adhesive-3-Gallon-p617158782","200","","","Preserve active store; no redirect approved","Store is outside this sprint; GSC, analytics, backlinks and catalog exports unavailable","Public response 200"
"https://www.modelhomeinc.com/store/Abalone-AVA6ABAL-p616948934","200","","","Preserve active store; no redirect approved","Store is outside this sprint; GSC, analytics, backlinks and catalog exports unavailable","Public response 200"
